,Time,Signal,State
174,0.0,31.0,
175,0.05263161659240723,30.0,
176,0.10526323318481445,30.0,
177,0.15789461135864258,30.0,
178,0.2105262279510498,31.0,
179,0.26315784454345703,30.0,
180,0.31578946113586426,31.0,0.0
181,0.3684210777282715,30.0,0.0
182,0.4210526943206787,29.0,0.0
183,0.47368407249450684,30.0,0.0
184,0.5263156890869141,30.0,0.0
185,0.5789473056793213,29.0,0.0
186,0.6315789222717285,30.0,0.0
187,0.6842105388641357,30.0,0.0
188,0.736842155456543,39.0,0.0
189,0.7894735336303711,35.0,0.0
190,0.8421051502227783,32.0,0.0
191,0.8947367668151855,29.0,0.0
192,0.9473683834075928,30.0,0.0
193,1.0,29.0,0.0
194,1.0526316165924072,29.0,0.0
195,1.1052632331848145,29.0,0.0
196,1.1578946113586426,28.0,0.0
197,1.2105262279510498,30.0,0.0
198,1.263157844543457,30.0,0.0
199,1.3157894611358643,29.0,0.0
200,1.3684210777282715,29.0,0.0
201,1.4210526943206787,28.0,0.0
202,1.4736840724945068,28.0,0.0
203,1.526315689086914,28.0,0.0
204,1.5789473056793213,29.0,0.0
205,1.6315789222717285,28.0,0.0
206,1.6842105388641357,28.0,0.0
207,1.736842155456543,28.0,0.0
208,1.789473533630371,27.0,0.0
209,1.8421051502227783,27.0,0.0
210,1.8947367668151855,28.0,0.0
211,1.9473683834075928,28.0,0.0
212,2.0,28.0,0.0
213,2.0526316165924072,29.0,0.0
214,2.1052632331848145,28.0,0.0
215,2.1578946113586426,27.0,0.0
216,2.21052622795105,28.0,0.0
217,2.263157844543457,27.0,0.0
218,2.3157894611358643,27.0,0.0
219,2.3684210777282715,27.0,0.0
220,2.4210526943206787,34.0,0.0
221,2.473684072494507,35.0,0.0
222,2.526315689086914,63.0,0.0
223,2.5789473056793213,98.0,0.0
224,2.6315789222717285,100.0,0.0
225,2.6842105388641357,92.0,1.0
226,2.736842155456543,86.0,1.0
227,2.789473533630371,82.0,1.0
228,2.8421051502227783,78.0,1.0
229,2.8947367668151855,72.0,1.0
230,2.9473683834075928,90.0,1.0
231,3.0029239654541016,64.0,1.0
232,3.0584795475006104,62.0,1.0
233,3.114035129547119,58.0,1.0
234,3.169590711593628,63.0,1.0
235,3.2251460552215576,58.0,1.0
236,3.2807016372680664,54.0,1.0
237,3.336257219314575,59.0,1.0
238,3.391812801361084,71.0,1.0
239,3.4473683834075928,66.0,1.0
240,3.5029239654541016,65.0,1.0
241,3.5584795475006104,64.0,1.0
242,3.614035129547119,70.0,1.0
243,3.669590711593628,67.0,1.0
244,3.7251460552215576,61.0,1.0
245,3.7807016372680664,64.0,1.0
246,3.836257219314575,67.0,1.0
247,3.891812801361084,66.0,1.0
248,3.9473683834075928,65.0,1.0
249,4.0,60.0,1.0
250,4.052631616592407,71.0,1.0
251,4.1052632331848145,58.0,1.0
252,4.157894611358643,75.0,1.0
253,4.21052622795105,68.0,1.0
254,4.263157844543457,75.0,1.0
255,4.315789461135864,61.0,1.0
256,4.3684210777282715,74.0,1.0
257,4.421052694320679,94.0,1.0
258,4.473684072494507,60.0,1.0
259,4.526315689086914,58.0,1.0
260,4.578947305679321,40.0,1.0
261,4.6315789222717285,34.0,1.0
262,4.684210538864136,31.0,1.0
263,4.736842155456543,30.0,1.0
264,4.789473533630371,29.0,0.0
265,4.842105150222778,30.0,0.0
266,4.8947367668151855,31.0,0.0
267,4.947368383407593,30.0,0.0
268,5.0,29.0,0.0
269,5.052631616592407,29.0,0.0
270,5.1052632331848145,27.0,0.0
271,5.157894611358643,27.0,0.0
272,5.21052622795105,27.0,0.0
273,5.263157844543457,28.0,0.0
274,5.315789461135864,28.0,0.0
275,5.3684210777282715,27.0,0.0
276,5.421052694320679,29.0,0.0
277,5.473684072494507,27.0,0.0
278,5.526315689086914,28.0,0.0
279,5.578947305679321,28.0,0.0
280,5.6315789222717285,28.0,0.0
281,5.684210538864136,28.0,0.0
282,5.736842155456543,28.0,0.0
283,5.789473533630371,28.0,0.0
284,5.842105150222778,28.0,0.0
285,5.8947367668151855,27.0,0.0
286,5.947368383407593,27.0,0.0
287,6.0,27.0,0.0
288,6.052631616592407,27.0,0.0
289,6.1052632331848145,27.0,0.0
290,6.157894611358643,28.0,0.0
291,6.21052622795105,28.0,0.0
292,6.263157844543457,27.0,0.0
293,6.315789461135864,27.0,0.0
294,6.3684210777282715,27.0,0.0
295,6.421052694320679,27.0,0.0
296,6.473684072494507,27.0,0.0
297,6.526315689086914,27.0,0.0
298,6.578947305679321,28.0,0.0
299,6.6315789222717285,27.0,0.0
300,6.684210538864136,27.0,0.0
301,6.736842155456543,28.0,0.0
302,6.789473533630371,26.0,0.0
303,6.842105150222778,27.0,0.0
304,6.8947367668151855,27.0,0.0
305,6.947368383407593,28.0,0.0
306,7.0,29.0,0.0
307,7.052631616592407,28.0,0.0
308,7.1052632331848145,27.0,0.0
309,7.157894611358643,27.0,0.0
310,7.21052622795105,26.0,0.0
311,7.263157844543457,25.0,0.0
312,7.315789461135864,26.0,0.0
313,7.3684210777282715,26.0,0.0
314,7.421052694320679,25.0,0.0
315,7.473684072494507,25.0,0.0
316,7.526315689086914,24.0,0.0
317,7.578947305679321,24.0,0.0
318,7.6315789222717285,24.0,0.0
319,7.684210538864136,24.0,0.0
320,7.736842155456543,24.0,0.0
321,7.789473533630371,24.0,0.0
322,7.842105150222778,23.0,0.0
323,7.8947367668151855,24.0,0.0
324,7.947368383407593,23.0,0.0
325,8.0,24.0,0.0
326,8.052631616592407,24.0,0.0
327,8.105263233184814,24.0,0.0
328,8.157894611358643,23.0,0.0
329,8.21052622795105,24.0,0.0
330,8.263157844543457,23.0,0.0
331,8.315789461135864,24.0,0.0
332,8.368421077728271,23.0,0.0
333,8.421052694320679,24.0,0.0
334,8.473684072494507,23.0,0.0
335,8.526315689086914,23.0,0.0
336,8.578947305679321,24.0,0.0
337,8.631578922271729,24.0,0.0
338,8.684210538864136,24.0,0.0
339,8.736842155456543,23.0,0.0
340,8.789473533630371,23.0,0.0
341,8.842105150222778,24.0,0.0
342,8.894736766815186,26.0,0.0
343,8.947368383407593,27.0,0.0
344,9.0,71.0,0.0
345,9.052631616592407,88.0,1.0
346,9.105263233184814,113.0,1.0
347,9.157894611358643,112.0,1.0
348,9.21052622795105,100.0,1.0
349,9.263157844543457,96.0,1.0
350,9.315789461135864,111.0,1.0
351,9.368421077728271,116.0,1.0
352,9.421052694320679,80.0,1.0
353,9.473684072494507,85.0,1.0
354,9.526315689086914,68.0,1.0
355,9.578947305679321,72.0,1.0
356,9.631578922271729,67.0,1.0
357,9.684210538864136,76.0,1.0
358,9.736842155456543,68.0,1.0
359,9.789473533630371,70.0,1.0
360,9.842105150222778,73.0,1.0
361,9.894736766815186,68.0,1.0
362,9.947368383407593,71.0,1.0
363,10.0,64.0,1.0
364,10.052631616592407,68.0,1.0
365,10.105263233184814,69.0,1.0
366,10.157894611358643,65.0,1.0
367,10.21052622795105,70.0,1.0
368,10.263157844543457,86.0,1.0
369,10.315789461135864,79.0,1.0
370,10.368421077728271,72.0,1.0
371,10.421052694320679,67.0,1.0
372,10.473684072494507,70.0,1.0
373,10.526315689086914,59.0,1.0
374,10.578947305679321,56.0,1.0
375,10.631578922271729,74.0,1.0
376,10.684210538864136,73.0,1.0
377,10.736842155456543,68.0,1.0
378,10.789473533630371,74.0,1.0
379,10.842105150222778,80.0,1.0
380,10.894736766815186,81.0,1.0
381,10.947368383407593,78.0,1.0
382,11.0,87.0,1.0
383,11.052631616592407,72.0,1.0
384,11.105263233184814,80.0,1.0
385,11.157894611358643,67.0,1.0
386,11.21052622795105,66.0,1.0
387,11.263157844543457,82.0,1.0
388,11.315789461135864,73.0,1.0
389,11.368421077728271,66.0,1.0
390,11.421052694320679,85.0,1.0
391,11.473684072494507,93.0,1.0
392,11.526315689086914,94.0,1.0
393,11.578947305679321,63.0,1.0
394,11.631578922271729,44.0,1.0
395,11.684210538864136,32.0,1.0
396,11.736842155456543,28.0,1.0
397,11.789473533630371,26.0,0.0
398,11.842105150222778,25.0,0.0
399,11.894736766815186,25.0,0.0
400,11.947368383407593,26.0,0.0
401,12.0,26.0,0.0
402,12.052631616592407,25.0,0.0
403,12.105263233184814,25.0,0.0
404,12.157894611358643,24.0,0.0
405,12.21052622795105,24.0,0.0
406,12.263157844543457,24.0,0.0
407,12.315789461135864,23.0,0.0
408,12.368421077728271,23.0,0.0
409,12.421052694320679,24.0,0.0
410,12.473684072494507,24.0,0.0
411,12.526315689086914,24.0,0.0
412,12.578947305679321,25.0,0.0
413,12.631578922271729,24.0,0.0
414,12.684210538864136,23.0,0.0
415,12.736842155456543,23.0,0.0
416,12.789473533630371,23.0,0.0
417,12.842105150222778,24.0,0.0
418,12.894736766815186,24.0,0.0
419,12.947368383407593,24.0,0.0
420,13.0,23.0,0.0
421,13.052631616592407,24.0,0.0
422,13.105263233184814,24.0,0.0
423,13.157894611358643,24.0,0.0
424,13.21052622795105,24.0,0.0
425,13.263157844543457,24.0,0.0
426,13.315789461135864,24.0,0.0
427,13.368421077728271,24.0,0.0
428,13.421052694320679,24.0,0.0
429,13.473684072494507,24.0,0.0
430,13.526315689086914,24.0,0.0
431,13.578947305679321,24.0,0.0
432,13.631578922271729,24.0,0.0
433,13.684210538864136,24.0,0.0
434,13.736842155456543,24.0,0.0
435,13.789473533630371,24.0,0.0
436,13.842105150222778,23.0,0.0
437,13.894736766815186,23.0,0.0
438,13.947368383407593,24.0,0.0
439,14.002923965454102,24.0,0.0
440,14.05847954750061,25.0,0.0
441,14.11403512954712,24.0,0.0
442,14.169590711593628,24.0,0.0
443,14.225146055221558,24.0,0.0
444,14.280701637268066,24.0,0.0
445,14.336257219314575,25.0,0.0
446,14.391812801361084,30.0,0.0
447,14.447368383407593,29.0,0.0
448,14.502923965454102,34.0,0.0
449,14.55847954750061,59.0,0.0
450,14.61403512954712,95.0,0.0
451,14.669590711593628,108.0,0.0
452,14.725146055221558,102.0,1.0
453,14.780701637268066,178.0,1.0
454,14.836257219314575,159.0,1.0
455,14.891812801361084,163.0,1.0
456,14.947368383407593,118.0,1.0
457,15.0,119.0,1.0
458,15.052631616592407,112.0,1.0
459,15.105263233184814,147.0,1.0
460,15.157894611358643,113.0,1.0
461,15.21052622795105,99.0,1.0
462,15.263157844543457,125.0,1.0
463,15.315789461135864,92.0,1.0
464,15.368421077728271,115.0,1.0
465,15.421052694320679,112.0,1.0
466,15.473684072494507,119.0,1.0
467,15.526315689086914,91.0,1.0
468,15.578947305679321,84.0,1.0
469,15.631578922271729,87.0,1.0
470,15.684210538864136,84.0,1.0
471,15.736842155456543,78.0,1.0
472,15.789473533630371,83.0,1.0
473,15.842105150222778,96.0,1.0
474,15.894736766815186,88.0,1.0
475,15.947368383407593,89.0,1.0
476,16.0,70.0,1.0
477,16.052631616592407,73.0,1.0
478,16.105263233184814,64.0,1.0
479,16.157894611358643,76.0,1.0
480,16.21052622795105,90.0,1.0
481,16.263157844543457,77.0,1.0
482,16.315789461135864,72.0,1.0
483,16.36842107772827,89.0,1.0
484,16.42105269432068,99.0,1.0
485,16.473684072494507,83.0,1.0
486,16.526315689086914,72.0,1.0
487,16.57894730567932,105.0,1.0
488,16.63157892227173,93.0,1.0
489,16.684210538864136,79.0,1.0
490,16.736842155456543,84.0,1.0
491,16.78947353363037,82.0,1.0
492,16.84210515022278,82.0,1.0
493,16.894736766815186,64.0,1.0
494,16.947368383407593,60.0,1.0
495,17.0,75.0,1.0
496,17.052631616592407,78.0,1.0
497,17.105263233184814,93.0,1.0
498,17.157894611358643,91.0,1.0
499,17.21052622795105,90.0,1.0
500,17.263157844543457,74.0,1.0
501,17.315789461135864,59.0,1.0
502,17.36842107772827,52.0,1.0
503,17.42105269432068,35.0,1.0
504,17.473684072494507,28.0,1.0
505,17.526315689086914,27.0,0.0
506,17.57894730567932,27.0,0.0
507,17.63157892227173,28.0,0.0
508,17.684210538864136,27.0,0.0
509,17.736842155456543,27.0,0.0
510,17.78947353363037,28.0,0.0
511,17.84210515022278,28.0,0.0
512,17.894736766815186,28.0,0.0
513,17.947368383407593,27.0,0.0
514,18.0,27.0,0.0
515,18.052631616592407,27.0,0.0
516,18.105263233184814,27.0,0.0
517,18.157894611358643,29.0,0.0
518,18.21052622795105,28.0,0.0
519,18.263157844543457,28.0,0.0
520,18.315789461135864,28.0,0.0
521,18.36842107772827,27.0,0.0
522,18.42105269432068,28.0,0.0
523,18.473684072494507,28.0,0.0
524,18.526315689086914,27.0,0.0
525,18.57894730567932,27.0,0.0
526,18.63157892227173,27.0,0.0
527,18.684210538864136,27.0,0.0
528,18.736842155456543,28.0,0.0
529,18.78947353363037,27.0,0.0
530,18.84210515022278,27.0,0.0
531,18.894736766815186,27.0,0.0
532,18.947368383407593,28.0,0.0
533,19.0,28.0,0.0
534,19.052631616592407,28.0,0.0
535,19.105263233184814,28.0,0.0
536,19.157894611358643,28.0,0.0
537,19.21052622795105,27.0,0.0
538,19.263157844543457,27.0,0.0
539,19.315789461135864,27.0,0.0
540,19.36842107772827,26.0,0.0
541,19.42105269432068,28.0,0.0
542,19.473684072494507,29.0,0.0
543,19.526315689086914,32.0,0.0
544,19.57894730567932,34.0,0.0
545,19.63157892227173,39.0,0.0
546,19.684210538864136,60.0,0.0
547,19.736842155456543,61.0,0.0
548,19.78947353363037,75.0,0.0
549,19.84210515022278,79.0,0.0
550,19.894736766815186,93.0,1.0
551,19.947368383407593,114.0,1.0
552,20.0,114.0,1.0
553,20.052631616592407,108.0,1.0
554,20.105263233184814,111.0,1.0
555,20.157894611358643,104.0,1.0
556,20.21052622795105,98.0,1.0
557,20.263157844543457,97.0,1.0
558,20.315789461135864,94.0,1.0
559,20.36842107772827,91.0,1.0
560,20.42105269432068,101.0,1.0
561,20.473684072494507,88.0,1.0
562,20.526315689086914,95.0,1.0
563,20.57894730567932,81.0,1.0
564,20.63157892227173,87.0,1.0
565,20.684210538864136,88.0,1.0
566,20.736842155456543,84.0,1.0
567,20.78947353363037,80.0,1.0
568,20.84210515022278,88.0,1.0
569,20.894736766815186,88.0,1.0
570,20.947368383407593,98.0,1.0
571,21.0,112.0,1.0
572,21.052631616592407,80.0,1.0
573,21.105263233184814,83.0,1.0
574,21.157894611358643,99.0,1.0
575,21.21052622795105,79.0,1.0
576,21.263157844543457,52.0,1.0
577,21.315789461135864,37.0,1.0
578,21.36842107772827,30.0,1.0
579,21.42105269432068,28.0,1.0
580,21.473684072494507,28.0,1.0
581,21.526315689086914,27.0,1.0
582,21.57894730567932,29.0,1.0
583,21.63157892227173,29.0,0.0
584,21.684210538864136,27.0,0.0
585,21.736842155456543,28.0,0.0
586,21.78947353363037,28.0,0.0
587,21.84210515022278,29.0,0.0
588,21.894736766815186,29.0,0.0
589,21.947368383407593,29.0,0.0
590,22.0,28.0,0.0
591,22.052631616592407,27.0,0.0
592,22.105263233184814,27.0,0.0
593,22.157894611358643,28.0,0.0
594,22.21052622795105,28.0,0.0
595,22.263157844543457,29.0,0.0
596,22.315789461135864,28.0,0.0
597,22.36842107772827,28.0,0.0
598,22.42105269432068,28.0,0.0
599,22.473684072494507,28.0,0.0
600,22.526315689086914,28.0,0.0
601,22.57894730567932,28.0,0.0
602,22.63157892227173,28.0,0.0
603,22.684210538864136,27.0,0.0
604,22.736842155456543,28.0,0.0
605,22.78947353363037,28.0,0.0
606,22.84210515022278,29.0,0.0
607,22.894736766815186,28.0,0.0
608,22.947368383407593,27.0,0.0
609,23.0,28.0,0.0
610,23.052631616592407,28.0,0.0
611,23.105263233184814,28.0,0.0
612,23.157894611358643,28.0,0.0
613,23.21052622795105,28.0,0.0
614,23.263157844543457,27.0,0.0
615,23.315789461135864,27.0,0.0
616,23.36842107772827,27.0,0.0
617,23.42105269432068,27.0,0.0
618,23.473684072494507,27.0,0.0
619,23.526315689086914,27.0,0.0
620,23.57894730567932,28.0,0.0
621,23.63157892227173,27.0,0.0
622,23.684210538864136,27.0,0.0
623,23.736842155456543,27.0,0.0
624,23.78947353363037,28.0,0.0
625,23.84210515022278,27.0,0.0
626,23.894736766815186,27.0,0.0
627,23.947368383407593,27.0,0.0
628,24.0,27.0,0.0
629,24.052631616592407,27.0,0.0
630,24.105263233184814,28.0,0.0
631,24.157894611358643,28.0,0.0
632,24.21052622795105,29.0,0.0
633,24.263157844543457,28.0,0.0
634,24.315789461135864,28.0,0.0
635,24.36842107772827,28.0,0.0
636,24.42105269432068,29.0,0.0
637,24.473684072494507,28.0,0.0
638,24.526315689086914,28.0,0.0
639,24.57894730567932,29.0,0.0
640,24.63157892227173,31.0,0.0
641,24.684210538864136,38.0,0.0
642,24.736842155456543,54.0,0.0
643,24.78947353363037,80.0,0.0
644,24.84210515022278,89.0,0.0
645,24.894736766815186,75.0,0.0
646,24.947368383407593,76.0,0.0
647,25.0,72.0,1.0
648,25.052631616592407,71.0,1.0
649,25.105263233184814,81.0,1.0
650,25.157894611358643,83.0,1.0
651,25.21052622795105,72.0,1.0
652,25.263157844543457,58.0,1.0
653,25.315789461135864,73.0,1.0
654,25.36842107772827,78.0,1.0
655,25.42105269432068,71.0,1.0
656,25.473684072494507,79.0,1.0
657,25.526315689086914,80.0,1.0
658,25.57894730567932,59.0,1.0
659,25.63157892227173,71.0,1.0
660,25.684210538864136,71.0,1.0
661,25.736842155456543,66.0,1.0
662,25.78947353363037,68.0,1.0
663,25.84210515022278,75.0,1.0
664,25.894736766815186,86.0,1.0
665,25.947368383407593,89.0,1.0
666,26.0029239654541,77.0,1.0
667,26.05847954750061,73.0,1.0
668,26.11403512954712,77.0,1.0
669,26.169590711593628,63.0,1.0
670,26.225146055221558,76.0,1.0
671,26.280701637268066,84.0,1.0
672,26.336257219314575,67.0,1.0
673,26.391812801361084,73.0,1.0
674,26.447368383407593,75.0,1.0
675,26.5029239654541,69.0,1.0
676,26.55847954750061,65.0,1.0
677,26.61403512954712,78.0,1.0
678,26.669590711593628,64.0,1.0
679,26.725146055221558,67.0,1.0
680,26.780701637268066,67.0,1.0
681,26.836257219314575,70.0,1.0
682,26.891812801361084,70.0,1.0
683,26.947368383407593,60.0,1.0
684,27.0,55.0,1.0
685,27.052631616592407,42.0,1.0
686,27.105263233184814,38.0,1.0
687,27.157894611358643,33.0,1.0
688,27.21052622795105,28.0,1.0
689,27.263157844543457,27.0,1.0
690,27.315789461135864,30.0,1.0
691,27.36842107772827,30.0,0.0
692,27.42105269432068,30.0,0.0
693,27.473684072494507,29.0,0.0
694,27.526315689086914,29.0,0.0
695,27.57894730567932,30.0,0.0
696,27.63157892227173,30.0,0.0
697,27.684210538864136,29.0,0.0
698,27.736842155456543,29.0,0.0
699,27.78947353363037,29.0,0.0
700,27.84210515022278,29.0,0.0
701,27.894736766815186,30.0,0.0
702,27.947368383407593,32.0,0.0
703,28.0,45.0,0.0
704,28.052631616592407,70.0,0.0
705,28.105263233184814,73.0,0.0
706,28.157894611358643,88.0,0.0
707,28.21052622795105,83.0,0.0
708,28.263157844543457,78.0,0.0
709,28.315789461135864,84.0,1.0
710,28.36842107772827,88.0,1.0
711,28.42105269432068,91.0,1.0
712,28.473684072494507,71.0,1.0
713,28.526315689086914,72.0,1.0
714,28.57894730567932,81.0,1.0
715,28.63157892227173,71.0,1.0
716,28.684210538864136,67.0,1.0
717,28.736842155456543,70.0,1.0
718,28.78947353363037,69.0,1.0
719,28.84210515022278,92.0,1.0
720,28.894736766815186,88.0,1.0
721,28.947368383407593,93.0,1.0
722,29.0,86.0,1.0
723,29.052631616592407,83.0,1.0
724,29.105263233184814,101.0,1.0
725,29.157894611358643,77.0,1.0
726,29.21052622795105,88.0,1.0
727,29.263157844543457,85.0,1.0
728,29.315789461135864,87.0,1.0
729,29.36842107772827,77.0,1.0
730,29.42105269432068,65.0,1.0
731,29.473684072494507,92.0,1.0
732,29.526315689086914,80.0,1.0
733,29.57894730567932,71.0,1.0
734,29.63157892227173,86.0,1.0
735,29.684210538864136,83.0,1.0
736,29.736842155456543,74.0,1.0
737,29.78947353363037,66.0,1.0
738,29.84210515022278,68.0,1.0
739,29.894736766815186,81.0,1.0
740,29.947368383407593,72.0,1.0
741,30.0,67.0,1.0
742,30.052631616592407,70.0,1.0
743,30.105263233184814,72.0,1.0
744,30.157894611358643,72.0,1.0
745,30.21052622795105,75.0,1.0
746,30.263157844543457,70.0,1.0
747,30.315789461135864,83.0,1.0
748,30.36842107772827,83.0,1.0
749,30.42105269432068,79.0,1.0
750,30.473684072494507,74.0,1.0
751,30.526315689086914,75.0,1.0
752,30.57894730567932,81.0,1.0
753,30.63157892227173,76.0,1.0
754,30.684210538864136,102.0,1.0
755,30.736842155456543,103.0,1.0
756,30.78947353363037,80.0,1.0
757,30.84210515022278,91.0,1.0
758,30.894736766815186,72.0,1.0
759,30.947368383407593,77.0,1.0
760,31.0,75.0,1.0
761,31.052631616592407,45.0,1.0
762,31.105263233184814,33.0,1.0
763,31.157894611358643,28.0,1.0
764,31.21052622795105,37.0,0.0
765,31.263157844543457,32.0,0.0
766,31.315789461135864,29.0,0.0
767,31.36842107772827,30.0,0.0
768,31.42105269432068,30.0,0.0
769,31.473684072494507,31.0,0.0
770,31.526315689086914,33.0,0.0
771,31.57894730567932,41.0,0.0
772,31.63157892227173,39.0,0.0
773,31.684210538864136,48.0,0.0
774,31.736842155456543,52.0,0.0
775,31.78947353363037,75.0,0.0
776,31.84210515022278,87.0,0.0
777,31.894736766815186,101.0,1.0
778,31.947368383407593,86.0,1.0
779,32.0,92.0,1.0
780,32.05263161659241,94.0,1.0
781,32.105263233184814,93.0,1.0
782,32.15789461135864,86.0,1.0
783,32.21052622795105,91.0,1.0
784,32.26315784454346,92.0,1.0
785,32.315789461135864,83.0,1.0
786,32.36842107772827,88.0,1.0
787,32.42105269432068,77.0,1.0
788,32.47368407249451,75.0,1.0
789,32.526315689086914,69.0,1.0
790,32.57894730567932,99.0,1.0
791,32.63157892227173,78.0,1.0
792,32.684210538864136,80.0,1.0
793,32.73684215545654,89.0,1.0
794,32.78947353363037,89.0,1.0
795,32.84210515022278,102.0,1.0
796,32.894736766815186,83.0,1.0
797,32.94736838340759,98.0,1.0
798,33.0,90.0,1.0
799,33.05263161659241,88.0,1.0
800,33.105263233184814,93.0,1.0
801,33.15789461135864,106.0,1.0
802,33.21052622795105,75.0,1.0
803,33.26315784454346,110.0,1.0
804,33.315789461135864,101.0,1.0
805,33.36842107772827,81.0,1.0
806,33.42105269432068,49.0,1.0
807,33.47368407249451,35.0,0.0
808,33.526315689086914,30.0,0.0
809,33.57894730567932,27.0,0.0
810,33.63157892227173,27.0,0.0
811,33.684210538864136,29.0,0.0
812,33.73684215545654,29.0,0.0
813,33.78947353363037,29.0,0.0
814,33.84210515022278,28.0,0.0
815,33.894736766815186,28.0,0.0
816,33.94736838340759,28.0,0.0
817,34.0,28.0,0.0
818,34.05263161659241,29.0,0.0
819,34.105263233184814,28.0,0.0
820,34.15789461135864,28.0,0.0
821,34.21052622795105,28.0,0.0
822,34.26315784454346,28.0,0.0
823,34.315789461135864,29.0,0.0
824,34.36842107772827,28.0,0.0
825,34.42105269432068,28.0,0.0
826,34.47368407249451,28.0,0.0
827,34.526315689086914,28.0,0.0
828,34.57894730567932,28.0,0.0
829,34.63157892227173,28.0,0.0
830,34.684210538864136,29.0,0.0
831,34.73684215545654,28.0,0.0
832,34.78947353363037,28.0,0.0
833,34.84210515022278,28.0,0.0
834,34.894736766815186,28.0,0.0
835,34.94736838340759,27.0,0.0
836,35.0,28.0,0.0
837,35.05263161659241,28.0,0.0
838,35.105263233184814,28.0,0.0
839,35.15789461135864,28.0,0.0
840,35.21052622795105,27.0,0.0
841,35.26315784454346,28.0,0.0
842,35.315789461135864,27.0,0.0
843,35.36842107772827,28.0,0.0
844,35.42105269432068,28.0,0.0
845,35.47368407249451,29.0,0.0
846,35.526315689086914,28.0,0.0
847,35.57894730567932,28.0,0.0
848,35.63157892227173,27.0,0.0
849,35.684210538864136,29.0,0.0
850,35.73684215545654,31.0,0.0
851,35.78947353363037,41.0,0.0
852,35.84210515022278,75.0,1.0
853,35.894736766815186,132.0,1.0
854,35.94736838340759,157.0,1.0
855,36.0,171.0,1.0
856,36.05263161659241,133.0,1.0
857,36.105263233184814,130.0,1.0
858,36.15789461135864,147.0,1.0
859,36.21052622795105,112.0,1.0
860,36.26315784454346,135.0,1.0
861,36.315789461135864,116.0,1.0
862,36.36842107772827,147.0,1.0
863,36.42105269432068,114.0,1.0
864,36.47368407249451,136.0,1.0
865,36.526315689086914,139.0,1.0
866,36.57894730567932,113.0,1.0
867,36.63157892227173,153.0,1.0
868,36.684210538864136,101.0,1.0
869,36.73684215545654,134.0,1.0
870,36.78947353363037,82.0,1.0
871,36.84210515022278,84.0,1.0
872,36.894736766815186,57.0,1.0
873,36.94736838340759,40.0,0.0
874,37.0029239654541,28.0,0.0
875,37.05847954750061,27.0,0.0
876,37.11403512954712,29.0,0.0
877,37.16959071159363,28.0,0.0
878,37.22514605522156,28.0,0.0
879,37.280701637268066,29.0,0.0
880,37.336257219314575,27.0,0.0
881,37.391812801361084,29.0,0.0
882,37.44736838340759,29.0,0.0
883,37.5029239654541,28.0,0.0
884,37.55847954750061,29.0,0.0
885,37.61403512954712,30.0,0.0
886,37.66959071159363,29.0,0.0
887,37.72514605522156,33.0,0.0
888,37.780701637268066,37.0,1.0
889,37.836257219314575,48.0,1.0
890,37.891812801361084,101.0,1.0
891,37.94736838340759,116.0,1.0
892,38.0,131.0,1.0
893,38.05263161659241,113.0,1.0
894,38.105263233184814,102.0,1.0
895,38.15789461135864,97.0,1.0
896,38.21052622795105,126.0,1.0
897,38.26315784454346,102.0,1.0
898,38.315789461135864,92.0,1.0
899,38.36842107772827,108.0,1.0
900,38.42105269432068,98.0,1.0
901,38.47368407249451,75.0,1.0
902,38.526315689086914,86.0,1.0
903,38.57894730567932,89.0,1.0
904,38.63157892227173,89.0,1.0
905,38.684210538864136,77.0,1.0
906,38.73684215545654,89.0,1.0
907,38.78947353363037,80.0,1.0
908,38.84210515022278,81.0,1.0
909,38.894736766815186,84.0,1.0
910,38.94736838340759,77.0,1.0
911,39.0,110.0,1.0
912,39.05263161659241,83.0,1.0
913,39.105263233184814,72.0,1.0
914,39.15789461135864,83.0,1.0
915,39.21052622795105,78.0,1.0
916,39.26315784454346,79.0,1.0
917,39.315789461135864,67.0,1.0
918,39.36842107772827,44.0,0.0
919,39.42105269432068,33.0,0.0
920,39.47368407249451,29.0,0.0
921,39.526315689086914,27.0,0.0
922,39.57894730567932,29.0,0.0
923,39.63157892227173,36.0,0.0
924,39.684210538864136,34.0,0.0
925,39.73684215545654,28.0,0.0
926,39.78947353363037,26.0,0.0
927,39.84210515022278,26.0,0.0
928,39.894736766815186,25.0,0.0
929,39.94736838340759,24.0,0.0
930,40.0,24.0,0.0
931,40.05263161659241,24.0,0.0
932,40.105263233184814,24.0,0.0
933,40.15789461135864,24.0,0.0
934,40.21052622795105,24.0,0.0
935,40.26315784454346,24.0,0.0
936,40.315789461135864,24.0,0.0
937,40.36842107772827,24.0,0.0
938,40.42105269432068,24.0,0.0
939,40.47368407249451,25.0,0.0
940,40.526315689086914,25.0,0.0
941,40.57894730567932,24.0,0.0
942,40.63157892227173,24.0,0.0
943,40.684210538864136,25.0,0.0
944,40.73684215545654,25.0,0.0
945,40.78947353363037,24.0,0.0
946,40.84210515022278,25.0,0.0
947,40.894736766815186,25.0,0.0
948,40.94736838340759,24.0,0.0
949,41.0,26.0,0.0
950,41.05263161659241,25.0,0.0
951,41.105263233184814,25.0,0.0
952,41.15789461135864,25.0,0.0
953,41.21052622795105,24.0,0.0
954,41.26315784454346,24.0,0.0
955,41.315789461135864,24.0,0.0
956,41.36842107772827,24.0,0.0
957,41.42105269432068,23.0,0.0
958,41.47368407249451,23.0,0.0
959,41.526315689086914,23.0,0.0
960,41.57894730567932,23.0,0.0
961,41.63157892227173,24.0,0.0
962,41.684210538864136,24.0,0.0
963,41.73684215545654,26.0,0.0
964,41.78947353363037,25.0,0.0
965,41.84210515022278,25.0,0.0
966,41.894736766815186,25.0,0.0
967,41.94736838340759,25.0,0.0
968,42.0,24.0,0.0
969,42.05263161659241,24.0,0.0
970,42.105263233184814,24.0,0.0
971,42.15789461135864,24.0,0.0
972,42.21052622795105,24.0,0.0
973,42.26315784454346,23.0,0.0
974,42.315789461135864,27.0,0.0
975,42.36842107772827,32.0,0.0
976,42.42105269432068,46.0,1.0
977,42.47368407249451,54.0,1.0
978,42.526315689086914,74.0,1.0
979,42.57894730567932,73.0,1.0
980,42.63157892227173,110.0,1.0
981,42.684210538864136,107.0,1.0
982,42.73684215545654,100.0,1.0
983,42.78947353363037,98.0,1.0
984,42.84210515022278,98.0,1.0
985,42.894736766815186,89.0,1.0
986,42.94736838340759,84.0,1.0
987,43.0,95.0,1.0
988,43.05263161659241,88.0,1.0
989,43.105263233184814,72.0,1.0
990,43.15789461135864,85.0,1.0
991,43.21052622795105,77.0,1.0
992,43.26315784454346,75.0,1.0
993,43.315789461135864,81.0,1.0
994,43.36842107772827,89.0,1.0
995,43.42105269432068,80.0,1.0
996,43.47368407249451,81.0,1.0
997,43.526315689086914,80.0,1.0
998,43.57894730567932,78.0,1.0
999,43.63157892227173,85.0,1.0
1000,43.684210538864136,80.0,1.0
1001,43.73684215545654,68.0,1.0
1002,43.78947353363037,73.0,1.0
1003,43.84210515022278,97.0,1.0
1004,43.894736766815186,85.0,1.0
1005,43.94736838340759,88.0,1.0
1006,44.0,65.0,1.0
1007,44.05263161659241,73.0,1.0
1008,44.105263233184814,100.0,1.0
1009,44.15789461135864,101.0,1.0
1010,44.21052622795105,92.0,1.0
1011,44.26315784454346,71.0,1.0
1012,44.315789461135864,73.0,1.0
1013,44.36842107772827,87.0,1.0
1014,44.42105269432068,76.0,1.0
1015,44.47368407249451,87.0,1.0
1016,44.526315689086914,79.0,1.0
1017,44.57894730567932,81.0,1.0
1018,44.63157892227173,79.0,1.0
1019,44.684210538864136,110.0,1.0
1020,44.73684215545654,93.0,1.0
1021,44.78947353363037,90.0,1.0
1022,44.84210515022278,97.0,1.0
1023,44.894736766815186,81.0,1.0
1024,44.94736838340759,89.0,1.0
1025,45.0,82.0,1.0
1026,45.05263161659241,83.0,1.0
1027,45.105263233184814,83.0,1.0
1028,45.15789461135864,78.0,1.0
1029,45.21052622795105,85.0,1.0
1030,45.26315784454346,73.0,1.0
1031,45.315789461135864,64.0,1.0
1032,45.36842107772827,62.0,1.0
1033,45.42105269432068,76.0,1.0
1034,45.47368407249451,61.0,1.0
1035,45.526315689086914,40.0,0.0
1036,45.57894730567932,31.0,0.0
1037,45.63157892227173,27.0,0.0
1038,45.684210538864136,26.0,0.0
1039,45.73684215545654,26.0,0.0
1040,45.78947353363037,26.0,0.0
1041,45.84210515022278,27.0,0.0
1042,45.894736766815186,27.0,0.0
1043,45.94736838340759,27.0,0.0
1044,46.0,28.0,0.0
1045,46.05263161659241,28.0,0.0
1046,46.105263233184814,28.0,0.0
1047,46.15789461135864,28.0,0.0
1048,46.21052622795105,29.0,0.0
1049,46.26315784454346,28.0,0.0
1050,46.315789461135864,28.0,0.0
1051,46.36842107772827,29.0,0.0
1052,46.42105269432068,36.0,0.0
1053,46.47368407249451,38.0,0.0
1054,46.526315689086914,42.0,0.0
1055,46.57894730567932,51.0,0.0
1056,46.63157892227173,85.0,1.0
1057,46.684210538864136,93.0,1.0
1058,46.73684215545654,102.0,1.0
1059,46.78947353363037,106.0,1.0
1060,46.84210515022278,155.0,1.0
1061,46.894736766815186,153.0,1.0
1062,46.94736838340759,128.0,1.0
1063,47.0,134.0,1.0
1064,47.05263161659241,112.0,1.0
1065,47.105263233184814,116.0,1.0
1066,47.15789461135864,95.0,1.0
1067,47.21052622795105,101.0,1.0
1068,47.26315784454346,114.0,1.0
1069,47.315789461135864,93.0,1.0
1070,47.36842107772827,90.0,1.0
1071,47.42105269432068,101.0,1.0
1072,47.47368407249451,93.0,1.0
1073,47.526315689086914,88.0,1.0
1074,47.57894730567932,95.0,1.0
1075,47.63157892227173,94.0,1.0
1076,47.684210538864136,81.0,1.0
1077,47.73684215545654,85.0,1.0
1078,47.78947353363037,93.0,1.0
1079,47.84210515022278,83.0,1.0
1080,47.894736766815186,84.0,1.0
1081,47.94736838340759,83.0,1.0
1082,48.0029239654541,90.0,1.0
1083,48.05847954750061,89.0,1.0
1084,48.11403512954712,77.0,1.0
1085,48.16959071159363,100.0,1.0
1086,48.22514605522156,76.0,1.0
1087,48.280701637268066,79.0,1.0
1088,48.336257219314575,94.0,1.0
1089,48.391812801361084,93.0,1.0
1090,48.44736838340759,94.0,1.0
1091,48.5029239654541,71.0,1.0
1092,48.55847954750061,80.0,1.0
1093,48.61403512954712,74.0,1.0
1094,48.66959071159363,69.0,1.0
1095,48.72514605522156,90.0,1.0
1096,48.780701637268066,63.0,1.0
1097,48.836257219314575,73.0,1.0
1098,48.891812801361084,53.0,0.0
1099,48.94736838340759,41.0,0.0
1100,49.0,30.0,0.0
1101,49.05263161659241,27.0,0.0
1102,49.105263233184814,26.0,0.0
1103,49.15789461135864,25.0,0.0
1104,49.21052622795105,26.0,0.0
1105,49.26315784454346,26.0,0.0
1106,49.315789461135864,26.0,0.0
1107,49.36842107772827,26.0,0.0
1108,49.42105269432068,27.0,0.0
1109,49.47368407249451,26.0,0.0
1110,49.526315689086914,27.0,0.0
1111,49.57894730567932,27.0,0.0
1112,49.63157892227173,28.0,0.0
1113,49.684210538864136,27.0,0.0
1114,49.73684215545654,27.0,0.0
1115,49.78947353363037,27.0,0.0
1116,49.84210515022278,28.0,0.0
1117,49.894736766815186,27.0,0.0
1118,49.94736838340759,27.0,0.0
1119,50.0,28.0,0.0
1120,50.05263161659241,28.0,0.0
1121,50.105263233184814,27.0,0.0
1122,50.15789461135864,27.0,0.0
1123,50.21052622795105,28.0,0.0
1124,50.26315784454346,27.0,0.0
1125,50.315789461135864,26.0,0.0
1126,50.36842107772827,27.0,0.0
1127,50.42105269432068,27.0,0.0
1128,50.47368407249451,28.0,1.0
1129,50.526315689086914,30.0,1.0
1130,50.57894730567932,57.0,1.0
1131,50.63157892227173,97.0,1.0
1132,50.684210538864136,107.0,1.0
1133,50.73684215545654,117.0,1.0
1134,50.78947353363037,94.0,1.0
1135,50.84210515022278,92.0,1.0
1136,50.894736766815186,71.0,1.0
1137,50.94736838340759,69.0,1.0
1138,51.0,79.0,1.0
1139,51.05263161659241,79.0,1.0
1140,51.105263233184814,69.0,1.0
1141,51.15789461135864,71.0,1.0
1142,51.21052622795105,75.0,1.0
1143,51.26315784454346,69.0,1.0
1144,51.315789461135864,69.0,1.0
1145,51.36842107772827,73.0,1.0
1146,51.42105269432068,59.0,1.0
1147,51.47368407249451,75.0,1.0
1148,51.526315689086914,69.0,1.0
1149,51.57894730567932,74.0,1.0
1150,51.63157892227173,77.0,1.0
1151,51.684210538864136,71.0,1.0
1152,51.73684215545654,69.0,1.0
1153,51.78947353363037,74.0,1.0
1154,51.84210515022278,76.0,1.0
1155,51.894736766815186,96.0,1.0
1156,51.94736838340759,80.0,1.0
1157,52.0,77.0,1.0
1158,52.05263161659241,80.0,1.0
1159,52.105263233184814,83.0,1.0
1160,52.15789461135864,75.0,1.0
1161,52.21052622795105,80.0,1.0
1162,52.26315784454346,71.0,1.0
1163,52.315789461135864,68.0,1.0
1164,52.36842107772827,70.0,1.0
1165,52.42105269432068,70.0,1.0
1166,52.47368407249451,81.0,1.0
1167,52.526315689086914,73.0,1.0
1168,52.57894730567932,66.0,1.0
1169,52.63157892227173,77.0,1.0
1170,52.684210538864136,83.0,1.0
1171,52.73684215545654,76.0,1.0
1172,52.78947353363037,69.0,0.0
1173,52.84210515022278,66.0,0.0
1174,52.894736766815186,42.0,0.0
1175,52.94736838340759,32.0,0.0
1176,53.0,26.0,0.0
1177,53.05263161659241,27.0,0.0
1178,53.105263233184814,27.0,0.0
1179,53.15789461135864,27.0,0.0
1180,53.21052622795105,27.0,0.0
1181,53.26315784454346,28.0,0.0
1182,53.315789461135864,28.0,0.0
1183,53.36842107772827,28.0,0.0
1184,53.42105269432068,28.0,0.0
1185,53.47368407249451,28.0,0.0
1186,53.526315689086914,28.0,0.0
1187,53.57894730567932,28.0,0.0
1188,53.63157892227173,28.0,0.0
1189,53.684210538864136,27.0,0.0
1190,53.73684215545654,28.0,0.0
1191,53.78947353363037,28.0,0.0
1192,53.84210515022278,28.0,0.0
1193,53.894736766815186,27.0,0.0
1194,53.94736838340759,28.0,0.0
1195,54.0,30.0,0.0
1196,54.05263161659241,32.0,1.0
1197,54.105263233184814,47.0,1.0
1198,54.15789461135864,54.0,1.0
1199,54.21052622795105,74.0,1.0
1200,54.26315784454346,92.0,1.0
1201,54.315789461135864,118.0,1.0
1202,54.36842107772827,94.0,1.0
1203,54.42105269432068,100.0,1.0
1204,54.47368407249451,91.0,1.0
1205,54.526315689086914,99.0,1.0
1206,54.57894730567932,89.0,1.0
1207,54.63157892227173,79.0,1.0
1208,54.684210538864136,84.0,1.0
1209,54.73684215545654,87.0,1.0
1210,54.78947353363037,62.0,1.0
1211,54.84210515022278,65.0,1.0
1212,54.894736766815186,72.0,1.0
1213,54.94736838340759,75.0,1.0
1214,55.0,65.0,1.0
1215,55.05263161659241,64.0,1.0
1216,55.105263233184814,65.0,1.0
1217,55.15789461135864,80.0,1.0
1218,55.21052622795105,67.0,1.0
1219,55.26315784454346,76.0,1.0
1220,55.315789461135864,95.0,1.0
1221,55.36842107772827,74.0,1.0
1222,55.42105269432068,76.0,1.0
1223,55.47368407249451,76.0,1.0
1224,55.526315689086914,79.0,1.0
1225,55.57894730567932,79.0,1.0
1226,55.63157892227173,79.0,1.0
1227,55.684210538864136,84.0,1.0
1228,55.73684215545654,77.0,1.0
1229,55.78947353363037,78.0,1.0
1230,55.84210515022278,65.0,1.0
1231,55.894736766815186,78.0,1.0
1232,55.94736838340759,67.0,1.0
1233,56.0,76.0,1.0
1234,56.05263161659241,68.0,1.0
1235,56.105263233184814,69.0,1.0
1236,56.15789461135864,67.0,1.0
1237,56.21052622795105,89.0,1.0
1238,56.26315784454346,74.0,1.0
1239,56.315789461135864,68.0,1.0
1240,56.36842107772827,76.0,1.0
1241,56.42105269432068,76.0,1.0
1242,56.47368407249451,72.0,1.0
1243,56.526315689086914,86.0,1.0
1244,56.57894730567932,71.0,1.0
1245,56.63157892227173,65.0,1.0
1246,56.684210538864136,74.0,1.0
1247,56.73684215545654,71.0,1.0
1248,56.78947353363037,66.0,1.0
1249,56.84210515022278,66.0,1.0
1250,56.894736766815186,74.0,1.0
1251,56.94736838340759,93.0,1.0
1252,57.0,76.0,1.0
1253,57.05263161659241,87.0,1.0
1254,57.105263233184814,66.0,0.0
1255,57.15789461135864,51.0,0.0
1256,57.21052622795105,46.0,0.0
1257,57.26315784454346,38.0,0.0
1258,57.315789461135864,33.0,0.0
1259,57.36842107772827,28.0,0.0
1260,57.42105269432068,26.0,0.0
1261,57.47368407249451,25.0,0.0
1262,57.526315689086914,26.0,0.0
1263,57.57894730567932,26.0,0.0
1264,57.63157892227173,26.0,0.0
1265,57.684210538864136,26.0,0.0
1266,57.73684215545654,27.0,0.0
1267,57.78947353363037,29.0,0.0
1268,57.84210515022278,27.0,0.0
1269,57.894736766815186,29.0,0.0
1270,57.94736838340759,27.0,0.0
1271,58.0,27.0,0.0
1272,58.05263161659241,27.0,0.0
1273,58.105263233184814,26.0,0.0
1274,58.15789461135864,26.0,0.0
1275,58.21052622795105,26.0,0.0
1276,58.26315784454346,26.0,0.0
1277,58.315789461135864,26.0,0.0
1278,58.36842107772827,27.0,0.0
1279,58.42105269432068,25.0,0.0
1280,58.47368407249451,25.0,0.0
1281,58.526315689086914,27.0,0.0
1282,58.57894730567932,27.0,1.0
1283,58.63157892227173,33.0,1.0
1284,58.684210538864136,36.0,1.0
1285,58.73684215545654,47.0,1.0
1286,58.78947353363037,76.0,1.0
1287,58.84210515022278,87.0,1.0
1288,58.894736766815186,90.0,1.0
1289,58.94736838340759,91.0,1.0
1290,59.0,83.0,1.0
1291,59.05263161659241,66.0,1.0
1292,59.105263233184814,67.0,1.0
1293,59.15789461135864,72.0,1.0
1294,59.21052622795105,64.0,1.0
1295,59.26315784454346,77.0,1.0
1296,59.315789461135864,65.0,1.0
1297,59.36842107772827,66.0,1.0
1298,59.42105269432068,65.0,1.0
1299,59.47368407249451,70.0,1.0
1300,59.526315689086914,74.0,1.0
1301,59.57894730567932,67.0,1.0
1302,59.63157892227173,64.0,1.0
1303,59.684210538864136,73.0,1.0
1304,59.73684215545654,60.0,1.0
1305,59.78947353363037,60.0,1.0
1306,59.84210515022278,68.0,1.0
1307,59.894736766815186,67.0,1.0
1308,59.94736838340759,65.0,1.0
1309,60.0029239654541,61.0,1.0
1310,60.05847954750061,59.0,1.0
1311,60.11403512954712,61.0,1.0
1312,60.16959071159363,71.0,1.0
1313,60.22514605522156,68.0,1.0
1314,60.280701637268066,79.0,1.0
1315,60.336257219314575,68.0,1.0
1316,60.391812801361084,65.0,1.0
1317,60.44736838340759,70.0,1.0
1318,60.5029239654541,69.0,1.0
1319,60.55847954750061,74.0,1.0
1320,60.61403512954712,72.0,1.0
1321,60.66959071159363,68.0,1.0
1322,60.72514605522156,61.0,1.0
1323,60.780701637268066,62.0,1.0
1324,60.836257219314575,70.0,1.0
1325,60.891812801361084,70.0,1.0
1326,60.94736838340759,87.0,1.0
1327,61.0,84.0,1.0
1328,61.05263161659241,70.0,1.0
1329,61.105263233184814,88.0,1.0
1330,61.15789461135864,96.0,1.0
1331,61.21052622795105,81.0,1.0
1332,61.26315784454346,82.0,1.0
1333,61.315789461135864,73.0,1.0
1334,61.36842107772827,63.0,1.0
1335,61.42105269432068,69.0,0.0
1336,61.47368407249451,87.0,0.0
1337,61.526315689086914,52.0,0.0
1338,61.57894730567932,40.0,0.0
1339,61.63157892227173,32.0,0.0
1340,61.684210538864136,27.0,0.0
1341,61.73684215545654,26.0,0.0
1342,61.78947353363037,25.0,0.0
1343,61.84210515022278,24.0,0.0
1344,61.894736766815186,25.0,0.0
1345,61.94736838340759,24.0,0.0
1346,62.0,24.0,0.0
1347,62.05263161659241,24.0,0.0
1348,62.105263233184814,24.0,0.0
1349,62.15789461135864,25.0,0.0
1350,62.21052622795105,27.0,0.0
1351,62.26315784454346,27.0,0.0
1352,62.315789461135864,28.0,0.0
1353,62.36842107772827,27.0,0.0
1354,62.42105269432068,26.0,0.0
1355,62.47368407249451,26.0,0.0
1356,62.526315689086914,26.0,0.0
1357,62.57894730567932,27.0,0.0
1358,62.63157892227173,28.0,0.0
1359,62.684210538864136,27.0,0.0
1360,62.73684215545654,26.0,0.0
1361,62.78947353363037,26.0,0.0
1362,62.84210515022278,26.0,0.0
1363,62.894736766815186,25.0,0.0
1364,62.94736838340759,26.0,0.0
1365,63.0,27.0,0.0
1366,63.05263161659241,27.0,1.0
1367,63.105263233184814,27.0,1.0
1368,63.15789461135864,33.0,1.0
1369,63.21052622795105,62.0,1.0
1370,63.26315784454346,137.0,1.0
1371,63.315789461135864,115.0,1.0
1372,63.36842107772827,99.0,1.0
1373,63.42105269432068,80.0,1.0
1374,63.47368407249451,83.0,1.0
1375,63.526315689086914,86.0,1.0
1376,63.57894730567932,93.0,1.0
1377,63.63157892227173,100.0,1.0
1378,63.684210538864136,89.0,1.0
1379,63.73684215545654,98.0,1.0
1380,63.78947353363037,89.0,1.0
1381,63.84210515022278,84.0,1.0
1382,63.894736766815186,74.0,1.0
1383,63.94736838340759,93.0,1.0
1384,64.0,77.0,1.0
1385,64.05263161659241,71.0,1.0
1386,64.10526323318481,73.0,1.0
1387,64.15789461135864,74.0,1.0
1388,64.21052622795105,75.0,1.0
1389,64.26315784454346,71.0,1.0
1390,64.31578946113586,76.0,1.0
1391,64.36842107772827,71.0,1.0
1392,64.42105269432068,62.0,1.0
1393,64.4736840724945,60.0,1.0
1394,64.52631568908691,63.0,1.0
1395,64.57894730567932,67.0,1.0
1396,64.63157892227173,68.0,1.0
1397,64.68421053886414,65.0,1.0
1398,64.73684215545654,74.0,1.0
1399,64.78947353363037,71.0,1.0
1400,64.84210515022278,66.0,1.0
1401,64.89473676681519,67.0,1.0
1402,64.94736838340759,69.0,1.0
1403,65.0,83.0,1.0
1404,65.05263161659241,68.0,1.0
1405,65.10526323318481,81.0,1.0
1406,65.15789461135864,71.0,1.0
1407,65.21052622795105,66.0,1.0
1408,65.26315784454346,61.0,1.0
1409,65.31578946113586,70.0,1.0
1410,65.36842107772827,66.0,1.0
1411,65.42105269432068,85.0,1.0
1412,65.4736840724945,71.0,1.0
1413,65.52631568908691,74.0,1.0
1414,65.57894730567932,79.0,1.0
1415,65.63157892227173,71.0,1.0
1416,65.68421053886414,79.0,1.0
1417,65.73684215545654,81.0,1.0
1418,65.78947353363037,81.0,1.0
1419,65.84210515022278,64.0,1.0
1420,65.89473676681519,57.0,1.0
1421,65.94736838340759,54.0,0.0
1422,66.0,37.0,0.0
1423,66.05263161659241,32.0,0.0
1424,66.10526323318481,28.0,0.0
1425,66.15789461135864,28.0,0.0
1426,66.21052622795105,25.0,0.0
1427,66.26315784454346,26.0,0.0
1428,66.31578946113586,26.0,0.0
1429,66.36842107772827,25.0,0.0
1430,66.42105269432068,26.0,0.0
1431,66.4736840724945,27.0,0.0
1432,66.52631568908691,27.0,0.0
1433,66.57894730567932,26.0,0.0
1434,66.63157892227173,27.0,0.0
1435,66.68421053886414,27.0,0.0
1436,66.73684215545654,26.0,0.0
1437,66.78947353363037,27.0,0.0
1438,66.84210515022278,27.0,1.0
1439,66.89473676681519,33.0,1.0
1440,66.94736838340759,90.0,1.0
1441,67.0,147.0,1.0
1442,67.05263161659241,117.0,1.0
1443,67.10526323318481,106.0,1.0
1444,67.15789461135864,72.0,1.0
1445,67.21052622795105,86.0,1.0
1446,67.26315784454346,83.0,1.0
1447,67.31578946113586,94.0,1.0
1448,67.36842107772827,89.0,1.0
1449,67.42105269432068,107.0,1.0
1450,67.4736840724945,101.0,1.0
1451,67.52631568908691,98.0,1.0
1452,67.57894730567932,80.0,1.0
1453,67.63157892227173,89.0,1.0
1454,67.68421053886414,87.0,1.0
1455,67.73684215545654,71.0,1.0
1456,67.78947353363037,79.0,1.0
1457,67.84210515022278,66.0,1.0
1458,67.89473676681519,76.0,1.0
1459,67.94736838340759,78.0,1.0
1460,68.0,73.0,1.0
1461,68.05263161659241,76.0,1.0
1462,68.10526323318481,84.0,1.0
1463,68.15789461135864,78.0,1.0
1464,68.21052622795105,94.0,1.0
1465,68.26315784454346,102.0,1.0
1466,68.31578946113586,97.0,1.0
1467,68.36842107772827,80.0,1.0
1468,68.42105269432068,82.0,1.0
1469,68.4736840724945,73.0,1.0
1470,68.52631568908691,63.0,1.0
1471,68.57894730567932,65.0,1.0
1472,68.63157892227173,57.0,1.0
1473,68.68421053886414,72.0,1.0
1474,68.73684215545654,76.0,1.0
1475,68.78947353363037,63.0,1.0
1476,68.84210515022278,76.0,1.0
1477,68.89473676681519,65.0,1.0
1478,68.94736838340759,90.0,1.0
1479,69.0,74.0,1.0
1480,69.05263161659241,86.0,1.0
1481,69.10526323318481,86.0,1.0
1482,69.15789461135864,74.0,1.0
1483,69.21052622795105,75.0,1.0
1484,69.26315784454346,69.0,1.0
1485,69.31578946113586,64.0,1.0
1486,69.36842107772827,46.0,1.0
1487,69.42105269432068,57.0,0.0
1488,69.4736840724945,50.0,0.0
1489,69.52631568908691,36.0,0.0
1490,69.57894730567932,34.0,0.0
1491,69.63157892227173,34.0,0.0
1492,69.68421053886414,32.0,0.0
1493,69.73684215545654,30.0,0.0
1494,69.78947353363037,27.0,0.0
1495,69.84210515022278,25.0,0.0
1496,69.89473676681519,24.0,0.0
1497,69.94736838340759,25.0,0.0
1498,70.0,25.0,0.0
1499,70.05263161659241,24.0,0.0
1500,70.10526323318481,24.0,0.0
1501,70.15789461135864,24.0,0.0
1502,70.21052622795105,24.0,0.0
1503,70.26315784454346,24.0,0.0
1504,70.31578946113586,24.0,0.0
1505,70.36842107772827,25.0,0.0
1506,70.42105269432068,25.0,0.0
1507,70.4736840724945,25.0,0.0
1508,70.52631568908691,25.0,0.0
1509,70.57894730567932,25.0,0.0
1510,70.63157892227173,25.0,0.0
1511,70.68421053886414,26.0,0.0
1512,70.73684215545654,26.0,0.0
1513,70.78947353363037,26.0,0.0
1514,70.84210515022278,25.0,0.0
1515,70.89473676681519,25.0,0.0
1516,70.94736838340759,25.0,0.0
1517,71.0029239654541,27.0,0.0
1518,71.05847954750061,26.0,0.0
1519,71.11403512954712,27.0,0.0
1520,71.16959071159363,28.0,0.0
1521,71.22514605522156,27.0,0.0
1522,71.28070163726807,27.0,0.0
1523,71.33625721931458,26.0,0.0
1524,71.39181280136108,26.0,0.0
1525,71.44736838340759,28.0,0.0
1526,71.5029239654541,27.0,0.0
1527,71.55847954750061,27.0,0.0
1528,71.61403512954712,26.0,0.0
1529,71.66959071159363,28.0,0.0
1530,71.72514605522156,27.0,0.0
1531,71.78070163726807,27.0,1.0
1532,71.83625721931458,39.0,1.0
1533,71.89181280136108,93.0,1.0
1534,71.94736838340759,114.0,1.0
1535,72.0,83.0,1.0
1536,72.05263161659241,85.0,1.0
1537,72.10526323318481,79.0,1.0
1538,72.15789461135864,106.0,1.0
1539,72.21052622795105,91.0,1.0
1540,72.26315784454346,100.0,1.0
1541,72.31578946113586,114.0,1.0
1542,72.36842107772827,106.0,1.0
1543,72.42105269432068,93.0,1.0
1544,72.4736840724945,95.0,1.0
1545,72.52631568908691,88.0,1.0
1546,72.57894730567932,77.0,1.0
1547,72.63157892227173,92.0,1.0
1548,72.68421053886414,70.0,1.0
1549,72.73684215545654,80.0,1.0
1550,72.78947353363037,74.0,1.0
1551,72.84210515022278,81.0,1.0
1552,72.89473676681519,69.0,1.0
1553,72.94736838340759,55.0,0.0
1554,73.0,39.0,0.0
1555,73.05263161659241,34.0,0.0
1556,73.10526323318481,29.0,0.0
1557,73.15789461135864,28.0,0.0
1558,73.21052622795105,27.0,0.0
1559,73.26315784454346,26.0,0.0
1560,73.31578946113586,27.0,0.0
1561,73.36842107772827,27.0,0.0
1562,73.42105269432068,27.0,0.0
1563,73.4736840724945,27.0,0.0
1564,73.52631568908691,27.0,0.0
1565,73.57894730567932,25.0,0.0
1566,73.63157892227173,25.0,0.0
1567,73.68421053886414,26.0,0.0
1568,73.73684215545654,26.0,0.0
1569,73.78947353363037,27.0,0.0
1570,73.84210515022278,29.0,0.0
1571,73.89473676681519,29.0,0.0
1572,73.94736838340759,27.0,0.0
1573,74.0,27.0,0.0
1574,74.05263161659241,25.0,0.0
1575,74.10526323318481,27.0,0.0
1576,74.15789461135864,27.0,0.0
1577,74.21052622795105,27.0,0.0
1578,74.26315784454346,26.0,0.0
1579,74.31578946113586,27.0,0.0
1580,74.36842107772827,26.0,0.0
1581,74.42105269432068,26.0,0.0
1582,74.4736840724945,26.0,0.0
1583,74.52631568908691,28.0,0.0
1584,74.57894730567932,27.0,0.0
1585,74.63157892227173,26.0,0.0
1586,74.68421053886414,27.0,0.0
1587,74.73684215545654,26.0,0.0
1588,74.78947353363037,27.0,0.0
1589,74.84210515022278,26.0,0.0
1590,74.89473676681519,26.0,0.0
1591,74.94736838340759,25.0,0.0
1592,75.0,27.0,0.0
1593,75.05263161659241,27.0,0.0
1594,75.10526323318481,28.0,0.0
1595,75.15789461135864,27.0,0.0
1596,75.21052622795105,27.0,0.0
1597,75.26315784454346,28.0,0.0
1598,75.31578946113586,28.0,0.0
1599,75.36842107772827,28.0,0.0
1600,75.42105269432068,28.0,0.0
1601,75.4736840724945,28.0,0.0
1602,75.52631568908691,29.0,0.0
1603,75.57894730567932,30.0,0.0
1604,75.63157892227173,33.0,0.0
1605,75.68421053886414,33.0,0.0
1606,75.73684215545654,31.0,0.0
1607,75.78947353363037,32.0,0.0
1608,75.84210515022278,30.0,0.0
1609,75.89473676681519,30.0,1.0
1610,75.94736838340759,34.0,1.0
1611,76.0,48.0,1.0
1612,76.05263161659241,68.0,1.0
1613,76.10526323318481,72.0,1.0
1614,76.15789461135864,77.0,1.0
1615,76.21052622795105,71.0,1.0
1616,76.26315784454346,79.0,1.0
1617,76.31578946113586,97.0,1.0
1618,76.36842107772827,71.0,1.0
1619,76.42105269432068,81.0,1.0
1620,76.4736840724945,85.0,1.0
1621,76.52631568908691,73.0,1.0
1622,76.57894730567932,86.0,1.0
1623,76.63157892227173,83.0,1.0
1624,76.68421053886414,75.0,1.0
1625,76.73684215545654,79.0,1.0
1626,76.78947353363037,84.0,1.0
1627,76.84210515022278,74.0,1.0
1628,76.89473676681519,63.0,1.0
1629,76.94736838340759,60.0,1.0
1630,77.0,63.0,1.0
1631,77.05263161659241,77.0,1.0
1632,77.10526323318481,66.0,1.0
1633,77.15789461135864,70.0,1.0
1634,77.21052622795105,83.0,1.0
1635,77.26315784454346,83.0,1.0
1636,77.31578946113586,68.0,1.0
1637,77.36842107772827,67.0,1.0
1638,77.42105269432068,72.0,1.0
1639,77.4736840724945,78.0,1.0
1640,77.52631568908691,62.0,1.0
1641,77.57894730567932,71.0,1.0
1642,77.63157892227173,64.0,1.0
1643,77.68421053886414,58.0,1.0
1644,77.73684215545654,81.0,1.0
1645,77.78947353363037,70.0,1.0
1646,77.84210515022278,76.0,1.0
1647,77.89473676681519,74.0,1.0
1648,77.94736838340759,87.0,1.0
1649,78.0,64.0,1.0
1650,78.05263161659241,69.0,1.0
1651,78.10526323318481,71.0,1.0
1652,78.15789461135864,69.0,1.0
1653,78.21052622795105,56.0,0.0
1654,78.26315784454346,41.0,0.0
1655,78.31578946113586,36.0,0.0
1656,78.36842107772827,33.0,0.0
1657,78.42105269432068,30.0,0.0
1658,78.4736840724945,26.0,0.0
1659,78.52631568908691,26.0,0.0
1660,78.57894730567932,27.0,0.0
1661,78.63157892227173,27.0,0.0
1662,78.68421053886414,27.0,0.0
1663,78.73684215545654,27.0,0.0
1664,78.78947353363037,28.0,0.0
1665,78.84210515022278,28.0,0.0
1666,78.89473676681519,28.0,0.0
1667,78.94736838340759,27.0,0.0
1668,79.0,28.0,0.0
1669,79.05263161659241,27.0,0.0
1670,79.10526323318481,25.0,0.0
1671,79.15789461135864,26.0,0.0
1672,79.21052622795105,27.0,0.0
1673,79.26315784454346,28.0,0.0
1674,79.31578946113586,27.0,0.0
1675,79.36842107772827,27.0,0.0
1676,79.42105269432068,27.0,0.0
1677,79.4736840724945,27.0,0.0
1678,79.52631568908691,27.0,0.0
1679,79.57894730567932,27.0,0.0
1680,79.63157892227173,28.0,0.0
1681,79.68421053886414,28.0,0.0
1682,79.73684215545654,28.0,0.0
1683,79.78947353363037,28.0,0.0
1684,79.84210515022278,28.0,0.0
1685,79.89473676681519,28.0,0.0
1686,79.94736838340759,28.0,0.0
1687,80.0,28.0,0.0
1688,80.05263161659241,28.0,0.0
1689,80.10526323318481,28.0,0.0
1690,80.15789461135864,28.0,0.0
1691,80.21052622795105,27.0,0.0
1692,80.26315784454346,28.0,0.0
1693,80.31578946113586,28.0,0.0
1694,80.36842107772827,28.0,0.0
1695,80.42105269432068,28.0,0.0
1696,80.4736840724945,28.0,0.0
1697,80.52631568908691,28.0,0.0
1698,80.57894730567932,28.0,0.0
1699,80.63157892227173,28.0,0.0
1700,80.68421053886414,28.0,0.0
1701,80.73684215545654,27.0,0.0
1702,80.78947353363037,27.0,0.0
1703,80.84210515022278,29.0,1.0
1704,80.89473676681519,30.0,1.0
1705,80.94736838340759,34.0,1.0
1706,81.0,88.0,1.0
1707,81.05263161659241,104.0,1.0
1708,81.10526323318481,102.0,1.0
1709,81.15789461135864,75.0,1.0
1710,81.21052622795105,83.0,1.0
1711,81.26315784454346,97.0,1.0
1712,81.31578946113586,107.0,1.0
1713,81.36842107772827,107.0,1.0
1714,81.42105269432068,88.0,1.0
1715,81.4736840724945,101.0,1.0
1716,81.52631568908691,76.0,1.0
1717,81.57894730567932,74.0,1.0
1718,81.63157892227173,77.0,1.0
1719,81.68421053886414,75.0,1.0
1720,81.73684215545654,67.0,1.0
1721,81.78947353363037,83.0,1.0
1722,81.84210515022278,110.0,1.0
1723,81.89473676681519,79.0,1.0
1724,81.94736838340759,81.0,1.0
1725,82.0,55.0,1.0
1726,82.05263161659241,52.0,1.0
1727,82.10526323318481,40.0,1.0
1728,82.15789461135864,31.0,1.0
1729,82.21052622795105,28.0,1.0
1730,82.26315784454346,30.0,0.0
1731,82.31578946113586,30.0,0.0
1732,82.36842107772827,30.0,0.0
1733,82.42105269432068,28.0,0.0
1734,82.4736840724945,27.0,0.0
1735,82.52631568908691,27.0,0.0
1736,82.57894730567932,27.0,0.0
1737,82.63157892227173,28.0,0.0
1738,82.68421053886414,27.0,0.0
1739,82.73684215545654,28.0,0.0
1740,82.78947353363037,27.0,0.0
1741,82.84210515022278,27.0,0.0
1742,82.89473676681519,26.0,0.0
1743,82.94736838340759,25.0,0.0
1744,83.0029239654541,26.0,0.0
1745,83.05847954750061,26.0,0.0
1746,83.11403512954712,27.0,0.0
1747,83.16959071159363,27.0,0.0
1748,83.22514605522156,27.0,0.0
1749,83.28070163726807,27.0,0.0
1750,83.33625721931458,26.0,0.0
1751,83.39181280136108,27.0,0.0
1752,83.44736838340759,26.0,0.0
1753,83.5029239654541,26.0,0.0
1754,83.55847954750061,26.0,0.0
1755,83.61403512954712,26.0,0.0
1756,83.66959071159363,26.0,0.0
1757,83.72514605522156,27.0,0.0
1758,83.78070163726807,31.0,1.0
1759,83.83625721931458,35.0,1.0
1760,83.89181280136108,38.0,1.0
1761,83.94736838340759,52.0,1.0
1762,84.0,88.0,1.0
1763,84.05263161659241,105.0,1.0
1764,84.10526323318481,88.0,1.0
1765,84.15789461135864,92.0,1.0
1766,84.21052622795105,99.0,1.0
1767,84.26315784454346,97.0,1.0
1768,84.31578946113586,89.0,1.0
1769,84.36842107772827,86.0,1.0
1770,84.42105269432068,99.0,1.0
1771,84.4736840724945,87.0,1.0
1772,84.52631568908691,83.0,1.0
1773,84.57894730567932,80.0,1.0
1774,84.63157892227173,80.0,1.0
1775,84.68421053886414,68.0,1.0
1776,84.73684215545654,64.0,1.0
1777,84.78947353363037,71.0,1.0
1778,84.84210515022278,75.0,1.0
1779,84.89473676681519,87.0,1.0
1780,84.94736838340759,75.0,1.0
1781,85.0,69.0,1.0
1782,85.05263161659241,73.0,1.0
1783,85.10526323318481,60.0,1.0
1784,85.15789461135864,60.0,1.0
1785,85.21052622795105,73.0,1.0
1786,85.26315784454346,72.0,1.0
1787,85.31578946113586,84.0,1.0
1788,85.36842107772827,94.0,1.0
1789,85.42105269432068,77.0,1.0
1790,85.4736840724945,66.0,1.0
1791,85.52631568908691,70.0,1.0
1792,85.57894730567932,74.0,1.0
1793,85.63157892227173,66.0,1.0
1794,85.68421053886414,68.0,1.0
1795,85.73684215545654,77.0,1.0
1796,85.78947353363037,76.0,1.0
1797,85.84210515022278,65.0,1.0
1798,85.89473676681519,67.0,1.0
1799,85.94736838340759,63.0,1.0
1800,86.0,99.0,1.0
1801,86.05263161659241,91.0,1.0
1802,86.10526323318481,73.0,1.0
1803,86.15789461135864,78.0,1.0
1804,86.21052622795105,83.0,1.0
1805,86.26315784454346,69.0,1.0
1806,86.31578946113586,69.0,1.0
1807,86.36842107772827,76.0,1.0
1808,86.42105269432068,71.0,1.0
1809,86.4736840724945,78.0,1.0
1810,86.52631568908691,75.0,1.0
1811,86.57894730567932,84.0,1.0
1812,86.63157892227173,81.0,1.0
1813,86.68421053886414,87.0,1.0
1814,86.73684215545654,75.0,1.0
1815,86.78947353363037,66.0,1.0
1816,86.84210515022278,64.0,0.0
1817,86.89473676681519,45.0,0.0
1818,86.94736838340759,38.0,0.0
1819,87.0,41.0,0.0
1820,87.05263161659241,35.0,0.0
1821,87.10526323318481,31.0,0.0
1822,87.15789461135864,27.0,0.0
1823,87.21052622795105,26.0,0.0
1824,87.26315784454346,25.0,0.0
1825,87.31578946113586,24.0,0.0
1826,87.36842107772827,25.0,0.0
1827,87.42105269432068,26.0,0.0
1828,87.4736840724945,27.0,0.0
1829,87.52631568908691,26.0,0.0
1830,87.57894730567932,26.0,0.0
1831,87.63157892227173,27.0,0.0
1832,87.68421053886414,27.0,0.0
1833,87.73684215545654,27.0,0.0
1834,87.78947353363037,28.0,0.0
1835,87.84210515022278,28.0,0.0
1836,87.89473676681519,28.0,0.0
1837,87.94736838340759,28.0,0.0
1838,88.0,27.0,0.0
1839,88.05263161659241,28.0,0.0
1840,88.10526323318481,27.0,0.0
1841,88.15789461135864,27.0,0.0
1842,88.21052622795105,28.0,0.0
1843,88.26315784454346,27.0,0.0
1844,88.31578946113586,28.0,0.0
1845,88.36842107772827,27.0,0.0
1846,88.42105269432068,28.0,0.0
1847,88.4736840724945,28.0,0.0
1848,88.52631568908691,27.0,0.0
1849,88.57894730567932,27.0,0.0
1850,88.63157892227173,27.0,0.0
1851,88.68421053886414,27.0,0.0
1852,88.73684215545654,27.0,0.0
1853,88.78947353363037,27.0,0.0
1854,88.84210515022278,27.0,0.0
1855,88.89473676681519,27.0,0.0
1856,88.94736838340759,27.0,0.0
1857,89.0,27.0,0.0
1858,89.05263161659241,27.0,0.0
1859,89.10526323318481,27.0,0.0
1860,89.15789461135864,27.0,0.0
1861,89.21052622795105,30.0,0.0
1862,89.26315784454346,29.0,0.0
1863,89.31578946113586,29.0,0.0
1864,89.36842107772827,30.0,0.0
1865,89.42105269432068,29.0,0.0
1866,89.4736840724945,37.0,0.0
1867,89.52631568908691,33.0,0.0
1868,89.57894730567932,47.0,0.0
1869,89.63157892227173,63.0,0.0
1870,89.68421053886414,69.0,0.0
1871,89.73684215545654,63.0,0.0
1872,89.78947353363037,71.0,1.0
1873,89.84210515022278,101.0,1.0
1874,89.89473676681519,89.0,1.0
1875,89.94736838340759,77.0,1.0
1876,90.0,87.0,1.0
1877,90.05263161659241,78.0,1.0
1878,90.10526323318481,71.0,1.0
1879,90.15789461135864,67.0,1.0
1880,90.21052622795105,64.0,1.0
1881,90.26315784454346,79.0,1.0
1882,90.31578946113586,90.0,1.0
1883,90.36842107772827,85.0,1.0
1884,90.42105269432068,83.0,1.0
1885,90.4736840724945,64.0,1.0
1886,90.52631568908691,77.0,1.0
1887,90.57894730567932,77.0,1.0
1888,90.63157892227173,77.0,1.0
1889,90.68421053886414,73.0,1.0
1890,90.73684215545654,97.0,1.0
1891,90.78947353363037,83.0,1.0
1892,90.84210515022278,110.0,1.0
1893,90.89473676681519,77.0,1.0
1894,90.94736838340759,87.0,1.0
1895,91.0,94.0,1.0
1896,91.05263161659241,97.0,1.0
1897,91.10526323318481,98.0,1.0
1898,91.15789461135864,125.0,1.0
1899,91.21052622795105,101.0,1.0
1900,91.26315784454346,120.0,1.0
1901,91.31578946113586,88.0,1.0
1902,91.36842107772827,85.0,1.0
1903,91.42105269432068,92.0,1.0
1904,91.4736840724945,85.0,1.0
1905,91.52631568908691,79.0,1.0
1906,91.57894730567932,66.0,1.0
1907,91.63157892227173,74.0,1.0
1908,91.68421053886414,82.0,1.0
1909,91.73684215545654,87.0,1.0
1910,91.78947353363037,79.0,1.0
1911,91.84210515022278,68.0,1.0
1912,91.89473676681519,81.0,1.0
1913,91.94736838340759,71.0,1.0
1914,92.0,87.0,1.0
1915,92.05263161659241,70.0,1.0
1916,92.10526323318481,90.0,1.0
1917,92.15789461135864,71.0,1.0
1918,92.21052622795105,56.0,1.0
1919,92.26315784454346,73.0,1.0
1920,92.31578946113586,90.0,1.0
1921,92.36842107772827,79.0,1.0
1922,92.42105269432068,76.0,1.0
1923,92.4736840724945,85.0,1.0
1924,92.52631568908691,80.0,1.0
1925,92.57894730567932,86.0,1.0
1926,92.63157892227173,81.0,1.0
1927,92.68421053886414,82.0,1.0
1928,92.73684215545654,77.0,1.0
1929,92.78947353363037,78.0,1.0
1930,92.84210515022278,76.0,1.0
1931,92.89473676681519,73.0,1.0
1932,92.94736838340759,74.0,1.0
1933,93.0,85.0,1.0
1934,93.05263161659241,71.0,1.0
1935,93.10526323318481,62.0,1.0
1936,93.15789461135864,71.0,1.0
1937,93.21052622795105,65.0,1.0
1938,93.26315784454346,73.0,1.0
1939,93.31578946113586,77.0,1.0
1940,93.36842107772827,63.0,1.0
1941,93.42105269432068,68.0,1.0
1942,93.4736840724945,78.0,1.0
1943,93.52631568908691,69.0,1.0
1944,93.57894730567932,62.0,1.0
1945,93.63157892227173,66.0,1.0
1946,93.68421053886414,60.0,1.0
1947,93.73684215545654,66.0,1.0
1948,93.78947353363037,74.0,1.0
1949,93.84210515022278,78.0,1.0
1950,93.89473676681519,84.0,1.0
1951,93.94736838340759,66.0,1.0
1952,94.0029239654541,57.0,1.0
1953,94.05847954750061,60.0,1.0
1954,94.11403512954712,68.0,1.0
1955,94.16959071159363,66.0,1.0
1956,94.22514605522156,67.0,1.0
1957,94.28070163726807,58.0,1.0
1958,94.33625721931458,61.0,1.0
1959,94.39181280136108,56.0,1.0
1960,94.44736838340759,53.0,1.0
1961,94.5029239654541,63.0,1.0
1962,94.55847954750061,55.0,1.0
1963,94.61403512954712,53.0,1.0
1964,94.66959071159363,60.0,1.0
1965,94.72514605522156,50.0,1.0
1966,94.78070163726807,64.0,1.0
1967,94.83625721931458,75.0,1.0
1968,94.89181280136108,59.0,1.0
1969,94.94736838340759,69.0,1.0
1970,95.0,59.0,1.0
1971,95.05263161659241,64.0,1.0
1972,95.10526323318481,71.0,1.0
1973,95.15789461135864,74.0,1.0
1974,95.21052622795105,84.0,1.0
1975,95.26315784454346,81.0,1.0
1976,95.31578946113586,81.0,1.0
1977,95.36842107772827,92.0,1.0
1978,95.42105269432068,61.0,1.0
1979,95.4736840724945,70.0,1.0
1980,95.52631568908691,66.0,1.0
1981,95.57894730567932,78.0,1.0
1982,95.63157892227173,67.0,1.0
1983,95.68421053886414,72.0,1.0
1984,95.73684215545654,65.0,1.0
1985,95.78947353363037,76.0,1.0
1986,95.84210515022278,68.0,1.0
1987,95.89473676681519,65.0,1.0
1988,95.94736838340759,58.0,1.0
1989,96.0,64.0,1.0
1990,96.05263161659241,70.0,1.0
1991,96.10526323318481,61.0,1.0
1992,96.15789461135864,77.0,1.0
1993,96.21052622795105,72.0,1.0
1994,96.26315784454346,56.0,1.0
1995,96.31578946113586,58.0,1.0
1996,96.36842107772827,61.0,1.0
1997,96.42105269432068,61.0,1.0
1998,96.4736840724945,59.0,1.0
1999,96.52631568908691,65.0,1.0
2000,96.57894730567932,58.0,1.0
2001,96.63157892227173,56.0,1.0
2002,96.68421053886414,78.0,1.0
2003,96.73684215545654,63.0,1.0
2004,96.78947353363037,67.0,1.0
2005,96.84210515022278,63.0,1.0
2006,96.89473676681519,72.0,1.0
2007,96.94736838340759,78.0,1.0
2008,97.0,84.0,1.0
2009,97.05263161659241,69.0,1.0
2010,97.10526323318481,62.0,1.0
2011,97.15789461135864,78.0,1.0
2012,97.21052622795105,70.0,1.0
2013,97.26315784454346,63.0,1.0
2014,97.31578946113586,66.0,1.0
2015,97.36842107772827,69.0,1.0
2016,97.42105269432068,61.0,1.0
2017,97.4736840724945,58.0,1.0
2018,97.52631568908691,66.0,1.0
2019,97.57894730567932,52.0,1.0
2020,97.63157892227173,69.0,1.0
2021,97.68421053886414,72.0,1.0
2022,97.73684215545654,75.0,1.0
2023,97.78947353363037,71.0,1.0
2024,97.84210515022278,70.0,1.0
2025,97.89473676681519,62.0,1.0
2026,97.94736838340759,67.0,1.0
2027,98.0,67.0,1.0
2028,98.05263161659241,70.0,1.0
2029,98.10526323318481,62.0,1.0
2030,98.15789461135864,78.0,1.0
2031,98.21052622795105,85.0,1.0
2032,98.26315784454346,66.0,1.0
2033,98.31578946113586,72.0,1.0
2034,98.36842107772827,67.0,1.0
2035,98.42105269432068,65.0,1.0
2036,98.4736840724945,76.0,1.0
2037,98.52631568908691,79.0,1.0
2038,98.57894730567932,65.0,1.0
2039,98.63157892227173,82.0,1.0
2040,98.68421053886414,74.0,1.0
2041,98.73684215545654,67.0,1.0
2042,98.78947353363037,73.0,1.0
2043,98.84210515022278,67.0,1.0
2044,98.89473676681519,64.0,1.0
2045,98.94736838340759,82.0,1.0
2046,99.0,76.0,1.0
2047,99.05263161659241,68.0,1.0
2048,99.10526323318481,71.0,1.0
2049,99.15789461135864,78.0,1.0
2050,99.21052622795105,82.0,1.0
2051,99.26315784454346,89.0,1.0
2052,99.31578946113586,84.0,1.0
2053,99.36842107772827,68.0,1.0
2054,99.42105269432068,66.0,1.0
2055,99.4736840724945,68.0,1.0
2056,99.52631568908691,87.0,1.0
2057,99.57894730567932,73.0,1.0
2058,99.63157892227173,87.0,1.0
2059,99.68421053886414,79.0,1.0
2060,99.73684215545654,74.0,1.0
2061,99.78947353363037,88.0,1.0
2062,99.84210515022278,78.0,1.0
2063,99.89473676681519,75.0,1.0
2064,99.94736838340759,77.0,1.0
2065,100.0,61.0,1.0
2066,100.05263161659241,72.0,1.0
2067,100.10526323318481,91.0,1.0
2068,100.15789461135864,79.0,1.0
2069,100.21052622795105,82.0,1.0
2070,100.26315784454346,80.0,1.0
2071,100.31578946113586,74.0,1.0
2072,100.36842107772827,78.0,1.0
2073,100.42105269432068,77.0,1.0
2074,100.4736840724945,68.0,1.0
2075,100.52631568908691,75.0,1.0
2076,100.57894730567932,107.0,1.0
2077,100.63157892227173,94.0,1.0
2078,100.68421053886414,82.0,1.0
2079,100.73684215545654,72.0,1.0
2080,100.78947353363037,71.0,1.0
2081,100.84210515022278,80.0,1.0
2082,100.89473676681519,61.0,1.0
2083,100.94736838340759,80.0,1.0
2084,101.0,66.0,1.0
2085,101.05263161659241,85.0,1.0
2086,101.10526323318481,74.0,1.0
2087,101.15789461135864,83.0,1.0
2088,101.21052622795105,67.0,1.0
2089,101.26315784454346,64.0,1.0
2090,101.31578946113586,78.0,1.0
2091,101.36842107772827,71.0,1.0
2092,101.42105269432068,68.0,1.0
2093,101.4736840724945,95.0,1.0
2094,101.52631568908691,83.0,1.0
2095,101.57894730567932,82.0,1.0
2096,101.63157892227173,85.0,1.0
2097,101.68421053886414,69.0,1.0
2098,101.73684215545654,63.0,1.0
2099,101.78947353363037,68.0,1.0
2100,101.84210515022278,60.0,1.0
2101,101.89473676681519,70.0,1.0
2102,101.94736838340759,69.0,1.0
2103,102.0,98.0,1.0
2104,102.05263161659241,99.0,1.0
2105,102.10526323318481,67.0,1.0
2106,102.15789461135864,69.0,1.0
2107,102.21052622795105,74.0,1.0
2108,102.26315784454346,73.0,1.0
2109,102.31578946113586,75.0,1.0
2110,102.36842107772827,70.0,1.0
2111,102.42105269432068,84.0,1.0
2112,102.4736840724945,78.0,1.0
2113,102.52631568908691,71.0,1.0
2114,102.57894730567932,91.0,1.0
2115,102.63157892227173,78.0,1.0
2116,102.68421053886414,75.0,1.0
2117,102.73684215545654,94.0,1.0
2118,102.78947353363037,99.0,1.0
2119,102.84210515022278,82.0,1.0
2120,102.89473676681519,87.0,1.0
2121,102.94736838340759,98.0,1.0
2122,103.0,60.0,1.0
2123,103.05263161659241,80.0,1.0
2124,103.10526323318481,78.0,1.0
2125,103.15789461135864,70.0,1.0
2126,103.21052622795105,64.0,1.0
2127,103.26315784454346,72.0,1.0
2128,103.31578946113586,73.0,1.0
2129,103.36842107772827,76.0,1.0
2130,103.42105269432068,78.0,1.0
2131,103.4736840724945,64.0,1.0
2132,103.52631568908691,80.0,1.0
2133,103.57894730567932,94.0,1.0
2134,103.63157892227173,88.0,1.0
2135,103.68421053886414,84.0,1.0
2136,103.73684215545654,90.0,1.0
2137,103.78947353363037,103.0,1.0
2138,103.84210515022278,63.0,1.0
2139,103.89473676681519,82.0,1.0
2140,103.94736838340759,55.0,1.0
2141,104.0,47.0,1.0
2142,104.05263161659241,52.0,0.0
2143,104.10526323318481,59.0,0.0
2144,104.15789461135864,40.0,0.0
2145,104.21052622795105,33.0,0.0
2146,104.26315784454346,30.0,0.0
2147,104.31578946113586,27.0,0.0
2148,104.36842107772827,29.0,0.0
2149,104.42105269432068,28.0,0.0
2150,104.4736840724945,28.0,0.0
2151,104.52631568908691,28.0,0.0
2152,104.57894730567932,29.0,0.0
2153,104.63157892227173,28.0,0.0
2154,104.68421053886414,28.0,0.0
2155,104.73684215545654,28.0,0.0
2156,104.78947353363037,27.0,0.0
2157,104.84210515022278,27.0,0.0
2158,104.89473676681519,27.0,0.0
2159,104.94736838340759,27.0,0.0
2160,105.0,27.0,0.0
2161,105.05263161659241,28.0,0.0
2162,105.10526323318481,28.0,0.0
2163,105.15789461135864,27.0,0.0
2164,105.21052622795105,27.0,0.0
2165,105.26315784454346,27.0,0.0
2166,105.31578946113586,27.0,0.0
2167,105.36842107772827,27.0,0.0
2168,105.42105269432068,26.0,0.0
2169,105.4736840724945,26.0,0.0
2170,105.52631568908691,27.0,0.0
2171,105.57894730567932,26.0,0.0
2172,105.63157892227173,27.0,0.0
2173,105.68421053886414,25.0,0.0
2174,105.73684215545654,26.0,0.0
2175,105.78947353363037,26.0,0.0
2176,105.84210515022278,25.0,0.0
2177,105.89473676681519,24.0,0.0
2178,105.94736838340759,24.0,0.0
2179,106.0029239654541,25.0,0.0
2180,106.05847954750061,31.0,0.0
2181,106.11403512954712,31.0,0.0
2182,106.16959071159363,54.0,0.0
2183,106.22514605522156,60.0,0.0
2184,106.28070163726807,68.0,1.0
2185,106.33625721931458,142.0,1.0
2186,106.39181280136108,128.0,1.0
2187,106.44736838340759,121.0,1.0
2188,106.5029239654541,115.0,1.0
2189,106.55847954750061,89.0,1.0
2190,106.61403512954712,102.0,1.0
2191,106.66959071159363,98.0,1.0
2192,106.72514605522156,109.0,1.0
2193,106.78070163726807,147.0,1.0
2194,106.83625721931458,106.0,1.0
2195,106.89181280136108,114.0,1.0
2196,106.94736838340759,109.0,1.0
2197,107.0,96.0,1.0
2198,107.05263161659241,116.0,1.0
2199,107.10526323318481,137.0,1.0
2200,107.15789461135864,119.0,1.0
2201,107.21052622795105,107.0,1.0
2202,107.26315784454346,99.0,1.0
2203,107.31578946113586,96.0,1.0
2204,107.36842107772827,89.0,1.0
2205,107.42105269432068,96.0,1.0
2206,107.4736840724945,90.0,1.0
2207,107.52631568908691,93.0,1.0
2208,107.57894730567932,102.0,1.0
2209,107.63157892227173,103.0,1.0
2210,107.68421053886414,100.0,1.0
2211,107.73684215545654,93.0,1.0
2212,107.78947353363037,95.0,1.0
2213,107.84210515022278,117.0,1.0
2214,107.89473676681519,100.0,1.0
2215,107.94736838340759,96.0,1.0
2216,108.0,103.0,1.0
2217,108.05263161659241,110.0,1.0
2218,108.10526323318481,68.0,1.0
2219,108.15789461135864,92.0,1.0
2220,108.21052622795105,51.0,0.0
2221,108.26315784454346,54.0,0.0
2222,108.31578946113586,37.0,0.0
2223,108.36842107772827,31.0,0.0
2224,108.42105269432068,30.0,0.0
2225,108.4736840724945,29.0,0.0
2226,108.52631568908691,27.0,0.0
2227,108.57894730567932,26.0,0.0
2228,108.63157892227173,25.0,0.0
2229,108.68421053886414,25.0,0.0
2230,108.73684215545654,24.0,0.0
2231,108.78947353363037,23.0,0.0
2232,108.84210515022278,24.0,0.0
2233,108.89473676681519,25.0,0.0
2234,108.94736838340759,25.0,0.0
2235,109.0,25.0,0.0
2236,109.05263161659241,25.0,0.0
2237,109.10526323318481,27.0,0.0
2238,109.15789461135864,27.0,0.0
2239,109.21052622795105,26.0,0.0
2240,109.26315784454346,29.0,0.0
2241,109.31578946113586,29.0,0.0
2242,109.36842107772827,28.0,0.0
2243,109.42105269432068,27.0,0.0
2244,109.4736840724945,25.0,0.0
2245,109.52631568908691,25.0,0.0
2246,109.57894730567932,24.0,0.0
2247,109.63157892227173,23.0,0.0
2248,109.68421053886414,25.0,0.0
2249,109.73684215545654,25.0,0.0
2250,109.78947353363037,26.0,0.0
2251,109.84210515022278,25.0,0.0
2252,109.89473676681519,25.0,0.0
2253,109.94736838340759,25.0,0.0
2254,110.0,29.0,0.0
2255,110.05263161659241,28.0,0.0
2256,110.10526323318481,35.0,0.0
2257,110.15789461135864,38.0,0.0
2258,110.21052622795105,58.0,0.0
2259,110.26315784454346,86.0,0.0
2260,110.31578946113586,89.0,1.0
2261,110.36842107772827,132.0,1.0
2262,110.42105269432068,103.0,1.0
2263,110.4736840724945,97.0,1.0
2264,110.52631568908691,84.0,1.0
2265,110.57894730567932,96.0,1.0
2266,110.63157892227173,92.0,1.0
2267,110.68421053886414,111.0,1.0
2268,110.73684215545654,98.0,1.0
2269,110.78947353363037,92.0,1.0
2270,110.84210515022278,81.0,1.0
2271,110.89473676681519,101.0,1.0
2272,110.94736838340759,93.0,1.0
2273,111.0,84.0,1.0
2274,111.05263161659241,102.0,1.0
2275,111.10526323318481,91.0,1.0
2276,111.15789461135864,94.0,1.0
2277,111.21052622795105,86.0,1.0
2278,111.26315784454346,89.0,1.0
2279,111.31578946113586,99.0,1.0
2280,111.36842107772827,81.0,1.0
2281,111.42105269432068,84.0,1.0
2282,111.4736840724945,84.0,1.0
2283,111.52631568908691,73.0,1.0
2284,111.57894730567932,130.0,1.0
2285,111.63157892227173,93.0,1.0
2286,111.68421053886414,96.0,1.0
2287,111.73684215545654,130.0,1.0
2288,111.78947353363037,135.0,1.0
2289,111.84210515022278,108.0,1.0
2290,111.89473676681519,106.0,1.0
2291,111.94736838340759,100.0,1.0
2292,112.0,129.0,1.0
2293,112.05263161659241,114.0,1.0
2294,112.10526323318481,103.0,1.0
2295,112.15789461135864,103.0,1.0
2296,112.21052622795105,79.0,1.0
2297,112.26315784454346,82.0,1.0
2298,112.31578946113586,98.0,1.0
2299,112.36842107772827,94.0,1.0
2300,112.42105269432068,82.0,1.0
2301,112.4736840724945,97.0,1.0
2302,112.52631568908691,82.0,1.0
2303,112.57894730567932,76.0,1.0
2304,112.63157892227173,106.0,1.0
2305,112.68421053886414,92.0,1.0
2306,112.73684215545654,81.0,1.0
2307,112.78947353363037,83.0,1.0
2308,112.84210515022278,89.0,1.0
2309,112.89473676681519,84.0,1.0
2310,112.94736838340759,80.0,1.0
2311,113.0,104.0,1.0
2312,113.05263161659241,104.0,1.0
2313,113.10526323318481,118.0,1.0
2314,113.15789461135864,109.0,1.0
2315,113.21052622795105,95.0,1.0
2316,113.26315784454346,77.0,1.0
2317,113.31578946113586,42.0,1.0
2318,113.36842107772827,49.0,1.0
2319,113.42105269432068,42.0,0.0
2320,113.4736840724945,39.0,0.0
2321,113.52631568908691,41.0,0.0
2322,113.57894730567932,40.0,0.0
2323,113.63157892227173,33.0,0.0
2324,113.68421053886414,29.0,0.0
2325,113.73684215545654,28.0,0.0
2326,113.78947353363037,28.0,0.0
2327,113.84210515022278,28.0,0.0
2328,113.89473676681519,27.0,0.0
2329,113.94736838340759,28.0,0.0
2330,114.0,27.0,0.0
2331,114.05263161659241,35.0,0.0
2332,114.10526323318481,28.0,0.0
2333,114.15789461135864,26.0,0.0
2334,114.21052622795105,27.0,0.0
2335,114.26315784454346,27.0,0.0
2336,114.31578946113586,28.0,0.0
2337,114.36842107772827,27.0,0.0
2338,114.42105269432068,28.0,0.0
2339,114.4736840724945,27.0,0.0
2340,114.52631568908691,27.0,0.0
2341,114.57894730567932,28.0,0.0
2342,114.63157892227173,29.0,0.0
2343,114.68421053886414,28.0,0.0
2344,114.73684215545654,28.0,0.0
2345,114.78947353363037,27.0,0.0
2346,114.84210515022278,27.0,0.0
2347,114.89473676681519,27.0,0.0
2348,114.94736838340759,28.0,0.0
2349,115.0,27.0,0.0
2350,115.05263161659241,28.0,0.0
2351,115.10526323318481,27.0,0.0
2352,115.15789461135864,27.0,0.0
2353,115.21052622795105,27.0,0.0
2354,115.26315784454346,27.0,0.0
2355,115.31578946113586,27.0,0.0
2356,115.36842107772827,27.0,0.0
2357,115.42105269432068,27.0,0.0
2358,115.4736840724945,26.0,0.0
2359,115.52631568908691,27.0,0.0
2360,115.57894730567932,26.0,0.0
2361,115.63157892227173,27.0,0.0
2362,115.68421053886414,27.0,0.0
2363,115.73684215545654,27.0,0.0
2364,115.78947353363037,27.0,0.0
2365,115.84210515022278,26.0,0.0
2366,115.89473676681519,26.0,0.0
2367,115.94736838340759,26.0,0.0
2368,116.0029239654541,27.0,0.0
2369,116.05847954750061,27.0,0.0
2370,116.11403512954712,29.0,0.0
2371,116.16959071159363,31.0,0.0
2372,116.22514605522156,39.0,0.0
2373,116.28070163726807,39.0,1.0
2374,116.33625721931458,98.0,1.0
2375,116.39181280136108,98.0,1.0
2376,116.44736838340759,138.0,1.0
2377,116.5029239654541,105.0,1.0
2378,116.55847954750061,86.0,1.0
2379,116.61403512954712,76.0,1.0
2380,116.66959071159363,82.0,1.0
2381,116.72514605522156,92.0,1.0
2382,116.78070163726807,113.0,1.0
2383,116.83625721931458,114.0,1.0
2384,116.89181280136108,111.0,1.0
2385,116.94736838340759,125.0,1.0
2386,117.0,104.0,1.0
2387,117.05263161659241,119.0,1.0
2388,117.10526323318481,118.0,1.0
2389,117.15789461135864,101.0,1.0
2390,117.21052622795105,110.0,1.0
2391,117.26315784454346,114.0,1.0
2392,117.31578946113586,100.0,1.0
2393,117.36842107772827,96.0,1.0
2394,117.42105269432068,92.0,1.0
2395,117.4736840724945,83.0,1.0
2396,117.52631568908691,109.0,1.0
2397,117.57894730567932,109.0,1.0
2398,117.63157892227173,85.0,1.0
2399,117.68421053886414,90.0,1.0
2400,117.73684215545654,93.0,1.0
2401,117.78947353363037,77.0,1.0
2402,117.84210515022278,93.0,1.0
2403,117.89473676681519,116.0,1.0
2404,117.94736838340759,86.0,1.0
2405,118.0,90.0,1.0
2406,118.05263161659241,100.0,1.0
2407,118.10526323318481,104.0,1.0
2408,118.15789461135864,95.0,1.0
2409,118.21052622795105,83.0,1.0
2410,118.26315784454346,115.0,1.0
2411,118.31578946113586,123.0,1.0
2412,118.36842107772827,76.0,1.0
2413,118.42105269432068,75.0,1.0
2414,118.4736840724945,90.0,1.0
2415,118.52631568908691,70.0,1.0
2416,118.57894730567932,62.0,0.0
2417,118.63157892227173,79.0,0.0
2418,118.68421053886414,65.0,0.0
2419,118.73684215545654,66.0,0.0
2420,118.78947353363037,42.0,0.0
2421,118.84210515022278,34.0,0.0
2422,118.89473676681519,31.0,0.0
2423,118.94736838340759,47.0,0.0
2424,119.0,30.0,0.0
2425,119.05263161659241,27.0,0.0
2426,119.10526323318481,27.0,0.0
2427,119.15789461135864,27.0,0.0
2428,119.21052622795105,27.0,0.0
2429,119.26315784454346,28.0,0.0
2430,119.31578946113586,29.0,0.0
2431,119.36842107772827,28.0,0.0
2432,119.42105269432068,28.0,0.0
2433,119.4736840724945,28.0,0.0
2434,119.52631568908691,28.0,0.0
2435,119.57894730567932,28.0,0.0
2436,119.63157892227173,28.0,0.0
2437,119.68421053886414,28.0,0.0
2438,119.73684215545654,29.0,0.0
2439,119.78947353363037,28.0,0.0
2440,119.84210515022278,28.0,0.0
2441,119.89473676681519,28.0,0.0
2442,119.94736838340759,28.0,0.0
2443,120.0,27.0,0.0
2444,120.05263161659241,28.0,0.0
2445,120.10526323318481,27.0,0.0
2446,120.15789461135864,28.0,0.0
2447,120.21052622795105,27.0,0.0
2448,120.26315784454346,26.0,0.0
2449,120.31578946113586,27.0,0.0
2450,120.36842107772827,26.0,0.0
2451,120.42105269432068,26.0,0.0
2452,120.4736840724945,27.0,0.0
2453,120.52631568908691,28.0,0.0
2454,120.57894730567932,28.0,0.0
2455,120.63157892227173,27.0,0.0
2456,120.68421053886414,26.0,0.0
2457,120.73684215545654,26.0,0.0
2458,120.78947353363037,27.0,0.0
2459,120.84210515022278,27.0,0.0
2460,120.89473676681519,27.0,
2461,120.94736838340759,28.0,
2462,121.0,27.0,
2463,121.05263161659241,27.0,
2464,121.10526323318481,28.0,
2465,121.15789461135864,28.0,
2466,121.21052622795105,28.0,
2467,121.26315784454346,28.0,
2468,121.31578946113586,28.0,
2469,121.36842107772827,27.0,
2470,121.42105269432068,27.0,
2471,121.4736840724945,27.0,
2472,121.52631568908691,27.0,
2473,121.57894730567932,28.0,
2474,121.63157892227173,27.0,
2475,121.68421053886414,27.0,
2476,121.73684215545654,27.0,
2477,121.78947353363037,27.0,
2478,121.84210515022278,27.0,
2479,121.89473676681519,27.0,
2480,121.94736838340759,27.0,
2481,122.0,28.0,
2482,122.05263161659241,28.0,
2483,122.10526323318481,28.0,
2484,122.15789461135864,29.0,
2485,122.21052622795105,29.0,
2486,122.26315784454346,27.0,
2487,122.31578946113586,28.0,
2488,122.36842107772827,28.0,
2489,122.42105269432068,28.0,
2490,122.4736840724945,28.0,
2491,122.52631568908691,28.0,
2492,122.57894730567932,28.0,
2493,122.63157892227173,27.0,
2494,122.68421053886414,28.0,
2495,122.73684215545654,27.0,
2496,122.78947353363037,27.0,
2497,122.84210515022278,27.0,
2498,122.89473676681519,27.0,
2499,122.94736838340759,27.0,
2500,123.0,27.0,
2501,123.05263161659241,27.0,
2502,123.10526323318481,27.0,
2503,123.15789461135864,27.0,
2504,123.21052622795105,27.0,
2505,123.26315784454346,27.0,
2506,123.31578946113586,27.0,
2507,123.36842107772827,27.0,
2508,123.42105269432068,27.0,
2509,123.4736840724945,28.0,
2510,123.52631568908691,27.0,
2511,123.57894730567932,28.0,
2512,123.63157892227173,28.0,
2513,123.68421053886414,27.0,
2514,123.73684215545654,29.0,
2515,123.78947353363037,28.0,
2516,123.84210515022278,28.0,
2517,123.89473676681519,28.0,
2518,123.94736838340759,29.0,
2519,124.0,27.0,
2520,124.05263161659241,27.0,
2521,124.10526323318481,29.0,
2522,124.15789461135864,48.0,
2523,124.21052622795105,57.0,
2524,124.26315784454346,48.0,
2525,124.31578946113586,42.0,
2526,124.36842107772827,34.0,
2527,124.42105269432068,30.0,
2528,124.4736840724945,33.0,
2529,124.52631568908691,43.0,
2530,124.57894730567932,117.0,
2531,124.63157892227173,97.0,
2532,124.68421053886414,52.0,
2533,124.73684215545654,37.0,
2534,124.78947353363037,32.0,
2535,124.84210515022278,40.0,
2536,124.89473676681519,31.0,
2537,124.94736838340759,31.0,
2538,125.0,27.0,
2539,125.05263161659241,26.0,
2540,125.10526323318481,27.0,
2541,125.15789461135864,27.0,
2542,125.21052622795105,26.0,
2543,125.26315784454346,28.0,
2544,125.31578946113586,27.0,
2545,125.36842107772827,26.0,
2546,125.42105269432068,26.0,
2547,125.4736840724945,28.0,
2548,125.52631568908691,27.0,
2549,125.57894730567932,27.0,
2550,125.63157892227173,28.0,
2551,125.68421053886414,26.0,
2552,125.73684215545654,27.0,
2553,125.78947353363037,27.0,
2554,125.84210515022278,27.0,
2555,125.89473676681519,26.0,
2556,125.94736838340759,27.0,
2557,126.0,27.0,
2558,126.05263161659241,28.0,
2559,126.10526323318481,28.0,
2560,126.15789461135864,28.0,
2561,126.21052622795105,28.0,
2562,126.26315784454346,29.0,
2563,126.31578946113586,28.0,
2564,126.36842107772827,27.0,
2565,126.42105269432068,28.0,
2566,126.4736840724945,29.0,
2567,126.52631568908691,27.0,
2568,126.57894730567932,27.0,
2569,126.63157892227173,27.0,
2570,126.68421053886414,27.0,
2571,126.73684215545654,27.0,
2572,126.78947353363037,28.0,
2573,126.84210515022278,28.0,
2574,126.89473676681519,28.0,
2575,126.94736838340759,27.0,
2576,127.0,27.0,
2577,127.05263161659241,27.0,
2578,127.10526323318481,27.0,
2579,127.15789461135864,25.0,
2580,127.21052622795105,27.0,
2581,127.26315784454346,27.0,
2582,127.31578946113586,27.0,
2583,127.36842107772827,28.0,
2584,127.42105269432068,26.0,
2585,127.4736840724945,26.0,
2586,127.52631568908691,28.0,
2587,127.57894730567932,28.0,
2588,127.63157892227173,27.0,
2589,127.68421053886414,26.0,
2590,127.73684215545654,26.0,
2591,127.78947353363037,28.0,
2592,127.84210515022278,28.0,
2593,127.89473676681519,27.0,
2594,127.94736838340759,26.0,
2595,128.0029239654541,25.0,
2596,128.0584795475006,26.0,
2597,128.11403512954712,26.0,
2598,128.16959071159363,27.0,
2599,128.22514605522156,27.0,
2600,128.28070163726807,26.0,
2601,128.33625721931458,27.0,
2602,128.39181280136108,26.0,
2603,128.4473683834076,26.0,
2604,128.5029239654541,26.0,
2605,128.5584795475006,26.0,
2606,128.61403512954712,27.0,
2607,128.66959071159363,26.0,
2608,128.72514605522156,26.0,
2609,128.78070163726807,26.0,
2610,128.83625721931458,26.0,
2611,128.89181280136108,26.0,
2612,128.9473683834076,27.0,
2613,129.0,27.0,
2614,129.0526316165924,27.0,
2615,129.10526323318481,27.0,
2616,129.15789461135864,27.0,
2617,129.21052622795105,27.0,
2618,129.26315784454346,27.0,
2619,129.31578946113586,26.0,
2620,129.36842107772827,27.0,
2621,129.42105269432068,27.0,
2622,129.4736840724945,26.0,
2623,129.5263156890869,27.0,
2624,129.57894730567932,26.0,
2625,129.63157892227173,26.0,
2626,129.68421053886414,26.0,
2627,129.73684215545654,26.0,
2628,129.78947353363037,26.0,
2629,129.84210515022278,26.0,
2630,129.89473676681519,26.0,
2631,129.9473683834076,27.0,
2632,130.0,27.0,
2633,130.0526316165924,27.0,
2634,130.10526323318481,26.0,
2635,130.15789461135864,26.0,
2636,130.21052622795105,27.0,
2637,130.26315784454346,27.0,
2638,130.31578946113586,26.0,
2639,130.36842107772827,26.0,
2640,130.42105269432068,26.0,
2641,130.4736840724945,26.0,
2642,130.5263156890869,27.0,
2643,130.57894730567932,27.0,
2644,130.63157892227173,26.0,
2645,130.68421053886414,26.0,
2646,130.73684215545654,27.0,
2647,130.78947353363037,27.0,
2648,130.84210515022278,26.0,
2649,130.89473676681519,26.0,
2650,130.9473683834076,27.0,
2651,131.0,27.0,
2652,131.0526316165924,26.0,
2653,131.10526323318481,27.0,
2654,131.15789461135864,27.0,
2655,131.21052622795105,26.0,
2656,131.26315784454346,26.0,
2657,131.31578946113586,26.0,
2658,131.36842107772827,27.0,
2659,131.42105269432068,26.0,
2660,131.4736840724945,27.0,
2661,131.5263156890869,27.0,
2662,131.57894730567932,27.0,
2663,131.63157892227173,26.0,
2664,131.68421053886414,26.0,
2665,131.73684215545654,27.0,
2666,131.78947353363037,26.0,
2667,131.84210515022278,26.0,
2668,131.89473676681519,27.0,
2669,131.9473683834076,27.0,
2670,132.0,26.0,
2671,132.0526316165924,26.0,
2672,132.10526323318481,27.0,
2673,132.15789461135864,26.0,
2674,132.21052622795105,27.0,
2675,132.26315784454346,26.0,
2676,132.31578946113586,26.0,
2677,132.36842107772827,27.0,
2678,132.42105269432068,26.0,
2679,132.4736840724945,27.0,
2680,132.5263156890869,27.0,
2681,132.57894730567932,26.0,
2682,132.63157892227173,26.0,
2683,132.68421053886414,27.0,
2684,132.73684215545654,27.0,
2685,132.78947353363037,26.0,
2686,132.84210515022278,27.0,
2687,132.89473676681519,27.0,
2688,132.9473683834076,27.0,
2689,133.0,27.0,
2690,133.0526316165924,27.0,
2691,133.10526323318481,26.0,
2692,133.15789461135864,26.0,
2693,133.21052622795105,26.0,
2694,133.26315784454346,26.0,
2695,133.31578946113586,27.0,
2696,133.36842107772827,27.0,
2697,133.42105269432068,27.0,
2698,133.4736840724945,27.0,
2699,133.5263156890869,27.0,
2700,133.57894730567932,27.0,
2701,133.63157892227173,27.0,
2702,133.68421053886414,26.0,
2703,133.73684215545654,27.0,
2704,133.78947353363037,26.0,
2705,133.84210515022278,27.0,
2706,133.89473676681519,26.0,
2707,133.9473683834076,26.0,
2708,134.0,27.0,
2709,134.0526316165924,27.0,
2710,134.10526323318481,26.0,
2711,134.15789461135864,26.0,
2712,134.21052622795105,26.0,
2713,134.26315784454346,26.0,
2714,134.31578946113586,27.0,
2715,134.36842107772827,26.0,
2716,134.42105269432068,26.0,
2717,134.4736840724945,26.0,
2718,134.5263156890869,26.0,
2719,134.57894730567932,26.0,
2720,134.63157892227173,27.0,
2721,134.68421053886414,27.0,
2722,134.73684215545654,26.0,
2723,134.78947353363037,27.0,
2724,134.84210515022278,27.0,
2725,134.89473676681519,27.0,
2726,134.9473683834076,26.0,
2727,135.0,26.0,
2728,135.0526316165924,26.0,
2729,135.10526323318481,26.0,
2730,135.15789461135864,27.0,
2731,135.21052622795105,27.0,
2732,135.26315784454346,27.0,
2733,135.31578946113586,28.0,
2734,135.36842107772827,28.0,
2735,135.42105269432068,29.0,
2736,135.4736840724945,30.0,
2737,135.5263156890869,31.0,
2738,135.57894730567932,32.0,
2739,135.63157892227173,31.0,
2740,135.68421053886414,28.0,
2741,135.73684215545654,28.0,
2742,135.78947353363037,27.0,
2743,135.84210515022278,27.0,
2744,135.89473676681519,26.0,
2745,135.9473683834076,26.0,
