Time,Signal
1729122950,31.0
1729122950,31.0
1729122950,30.0
1729122950,31.0
1729122950,30.0
1729122950,29.0
1729122951,29.0
1729122951,29.0
1729122951,30.0
1729122951,29.0
1729122951,119.0
1729122951,61.0
1729122951,40.0
1729122951,33.0
1729122951,31.0
1729122951,31.0
1729122951,30.0
1729122951,29.0
1729122951,29.0
1729122951,62.0
1729122951,41.0
1729122951,34.0
1729122951,32.0
1729122951,31.0
1729122951,30.0
1729122951,30.0
1729122952,29.0
1729122952,29.0
1729122952,29.0
1729122952,29.0
1729122952,30.0
1729122952,30.0
1729122952,30.0
1729122952,30.0
1729122952,31.0
1729122952,29.0
1729122952,29.0
1729122952,28.0
1729122952,30.0
1729122952,28.0
1729122952,30.0
1729122952,32.0
1729122952,30.0
1729122952,30.0
1729122952,31.0
1729122953,30.0
1729122953,31.0
1729122953,30.0
1729122953,30.0
1729122953,29.0
1729122953,31.0
1729122953,31.0
1729122953,31.0
1729122953,29.0
1729122953,30.0
1729122953,30.0
1729122953,30.0
1729122953,30.0
1729122953,29.0
1729122953,31.0
1729122953,31.0
1729122953,31.0
1729122953,31.0
1729122953,31.0
1729122953,29.0
1729122954,29.0
1729122954,31.0
1729122954,31.0
1729122954,30.0
1729122954,31.0
1729122954,29.0
1729122954,30.0
1729122954,29.0
1729122954,30.0
1729122954,29.0
1729122954,30.0
1729122954,30.0
1729122954,30.0
1729122954,30.0
1729122954,30.0
1729122954,30.0
1729122954,30.0
1729122954,29.0
1729122954,30.0
1729122954,29.0
1729122955,30.0
1729122955,29.0
1729122955,29.0
1729122955,29.0
1729122955,28.0
1729122955,29.0
1729122955,28.0
1729122955,29.0
1729122955,28.0
1729122955,29.0
1729122955,31.0
1729122955,31.0
1729122955,30.0
1729122955,30.0
1729122955,30.0
1729122955,29.0
1729122955,29.0
1729122955,30.0
1729122955,31.0
1729122955,30.0
1729122956,30.0
1729122956,31.0
1729122956,30.0
1729122956,30.0
1729122956,29.0
1729122956,27.0
1729122956,28.0
1729122956,28.0
1729122956,28.0
1729122956,29.0
1729122956,30.0
1729122956,28.0
1729122956,26.0
1729122956,28.0
1729122956,37.0
1729122956,34.0
1729122956,34.0
1729122956,34.0
1729122956,35.0
1729122956,40.0
1729122957,40.0
1729122957,40.0
1729122957,40.0
1729122957,40.0
1729122957,40.0
1729122957,41.0
1729122957,43.0
1729122957,45.0
1729122957,44.0
1729122957,46.0
1729122957,46.0
1729122957,46.0
1729122957,46.0
1729122957,47.0
1729122957,47.0
1729122957,48.0
1729122957,48.0
1729122957,48.0
1729122957,48.0
1729122957,47.0
1729122958,47.0
1729122958,47.0
1729122958,45.0
1729122958,45.0
1729122958,44.0
1729122958,43.0
1729122958,43.0
1729122958,42.0
1729122958,41.0
1729122958,39.0
1729122958,38.0
1729122958,38.0
1729122958,37.0
1729122958,36.0
1729122958,37.0
1729122958,36.0
1729122958,35.0
1729122958,35.0
1729122958,34.0
1729122958,34.0
1729122959,34.0
1729122959,35.0
1729122959,34.0
1729122959,34.0
1729122959,33.0
1729122959,33.0
1729122959,33.0
1729122959,33.0
1729122959,33.0
1729122959,33.0
1729122959,32.0
1729122959,31.0
1729122959,31.0
1729122959,31.0
1729122959,32.0
1729122959,32.0
1729122959,30.0
1729122959,31.0
1729122959,30.0
1729122959,30.0
1729122960,31.0
1729122960,31.0
1729122960,30.0
1729122960,30.0
1729122960,30.0
1729122960,31.0
1729122960,30.0
1729122960,31.0
1729122960,30.0
1729122960,29.0
1729122960,30.0
1729122960,30.0
1729122960,29.0
1729122960,30.0
1729122960,30.0
1729122960,39.0
1729122960,35.0
1729122960,32.0
1729122960,29.0
1729122960,30.0
1729122961,29.0
1729122961,29.0
1729122961,29.0
1729122961,29.0
1729122961,28.0
1729122961,30.0
1729122961,30.0
1729122961,29.0
1729122961,29.0
1729122961,28.0
1729122961,28.0
1729122961,28.0
1729122961,29.0
1729122961,28.0
1729122961,28.0
1729122961,28.0
1729122961,27.0
1729122961,27.0
1729122961,28.0
1729122961,28.0
1729122962,28.0
1729122962,28.0
1729122962,29.0
1729122962,28.0
1729122962,27.0
1729122962,28.0
1729122962,27.0
1729122962,27.0
1729122962,27.0
1729122962,34.0
1729122962,35.0
1729122962,63.0
1729122962,98.0
1729122962,100.0
1729122962,92.0
1729122962,86.0
1729122962,82.0
1729122962,78.0
1729122962,72.0
1729122962,90.0
1729122963,82.0
1729122963,64.0
1729122963,62.0
1729122963,58.0
1729122963,63.0
1729122963,58.0
1729122963,54.0
1729122963,59.0
1729122963,71.0
1729122963,66.0
1729122963,65.0
1729122963,64.0
1729122963,70.0
1729122963,67.0
1729122963,61.0
1729122963,64.0
1729122963,67.0
1729122963,66.0
1729122963,65.0
1729122964,63.0
1729122964,60.0
1729122964,71.0
1729122964,58.0
1729122964,75.0
1729122964,68.0
1729122964,75.0
1729122964,61.0
1729122964,74.0
1729122964,94.0
1729122964,60.0
1729122964,58.0
1729122964,40.0
1729122964,34.0
1729122964,31.0
1729122964,30.0
1729122964,29.0
1729122964,30.0
1729122964,31.0
1729122964,30.0
1729122965,31.0
1729122965,29.0
1729122965,29.0
1729122965,27.0
1729122965,27.0
1729122965,27.0
1729122965,28.0
1729122965,28.0
1729122965,27.0
1729122965,29.0
1729122965,27.0
1729122965,28.0
1729122965,28.0
1729122965,28.0
1729122965,28.0
1729122965,28.0
1729122965,28.0
1729122965,28.0
1729122965,27.0
1729122965,27.0
1729122966,27.0
1729122966,27.0
1729122966,27.0
1729122966,27.0
1729122966,28.0
1729122966,28.0
1729122966,27.0
1729122966,27.0
1729122966,27.0
1729122966,27.0
1729122966,27.0
1729122966,27.0
1729122966,28.0
1729122966,27.0
1729122966,27.0
1729122966,28.0
1729122966,26.0
1729122966,27.0
1729122966,27.0
1729122966,28.0
1729122967,28.0
1729122967,29.0
1729122967,28.0
1729122967,27.0
1729122967,27.0
1729122967,26.0
1729122967,25.0
1729122967,26.0
1729122967,26.0
1729122967,25.0
1729122967,25.0
1729122967,24.0
1729122967,24.0
1729122967,24.0
1729122967,24.0
1729122967,24.0
1729122967,24.0
1729122967,23.0
1729122967,24.0
1729122967,23.0
1729122968,23.0
1729122968,24.0
1729122968,24.0
1729122968,24.0
1729122968,23.0
1729122968,24.0
1729122968,23.0
1729122968,24.0
1729122968,23.0
1729122968,24.0
1729122968,23.0
1729122968,23.0
1729122968,24.0
1729122968,24.0
1729122968,24.0
1729122968,23.0
1729122968,23.0
1729122968,24.0
1729122968,26.0
1729122968,27.0
1729122969,37.0
1729122969,71.0
1729122969,88.0
1729122969,113.0
1729122969,112.0
1729122969,100.0
1729122969,96.0
1729122969,111.0
1729122969,116.0
1729122969,80.0
1729122969,85.0
1729122969,68.0
1729122969,72.0
1729122969,67.0
1729122969,76.0
1729122969,68.0
1729122969,70.0
1729122969,73.0
1729122969,68.0
1729122969,71.0
1729122970,61.0
1729122970,64.0
1729122970,68.0
1729122970,69.0
1729122970,65.0
1729122970,70.0
1729122970,86.0
1729122970,79.0
1729122970,72.0
1729122970,67.0
1729122970,70.0
1729122970,59.0
1729122970,56.0
1729122970,74.0
1729122970,73.0
1729122970,68.0
1729122970,74.0
1729122970,80.0
1729122970,81.0
1729122970,78.0
1729122971,81.0
1729122971,87.0
1729122971,72.0
1729122971,80.0
1729122971,67.0
1729122971,66.0
1729122971,82.0
1729122971,73.0
1729122971,66.0
1729122971,85.0
1729122971,93.0
1729122971,94.0
1729122971,63.0
1729122971,44.0
1729122971,32.0
1729122971,28.0
1729122971,26.0
1729122971,25.0
1729122971,25.0
1729122971,26.0
1729122972,25.0
1729122972,26.0
1729122972,25.0
1729122972,25.0
1729122972,24.0
1729122972,24.0
1729122972,24.0
1729122972,23.0
1729122972,23.0
1729122972,24.0
1729122972,24.0
1729122972,24.0
1729122972,25.0
1729122972,24.0
1729122972,23.0
1729122972,23.0
1729122972,23.0
1729122972,24.0
1729122972,24.0
1729122972,24.0
1729122973,23.0
1729122973,23.0
1729122973,24.0
1729122973,24.0
1729122973,24.0
1729122973,24.0
1729122973,24.0
1729122973,24.0
1729122973,24.0
1729122973,24.0
1729122973,24.0
1729122973,24.0
1729122973,24.0
1729122973,24.0
1729122973,24.0
1729122973,24.0
1729122973,24.0
1729122973,23.0
1729122973,23.0
1729122973,24.0
1729122974,24.0
1729122974,24.0
1729122974,25.0
1729122974,24.0
1729122974,24.0
1729122974,24.0
1729122974,24.0
1729122974,25.0
1729122974,30.0
1729122974,29.0
1729122974,34.0
1729122974,59.0
1729122974,95.0
1729122974,108.0
1729122974,102.0
1729122974,178.0
1729122974,159.0
1729122974,163.0
1729122974,118.0
1729122975,112.0
1729122975,119.0
1729122975,112.0
1729122975,147.0
1729122975,113.0
1729122975,99.0
1729122975,125.0
1729122975,92.0
1729122975,115.0
1729122975,112.0
1729122975,119.0
1729122975,91.0
1729122975,84.0
1729122975,87.0
1729122975,84.0
1729122975,78.0
1729122975,83.0
1729122975,96.0
1729122975,88.0
1729122975,89.0
1729122976,89.0
1729122976,70.0
1729122976,73.0
1729122976,64.0
1729122976,76.0
1729122976,90.0
1729122976,77.0
1729122976,72.0
1729122976,89.0
1729122976,99.0
1729122976,83.0
1729122976,72.0
1729122976,105.0
1729122976,93.0
1729122976,79.0
1729122976,84.0
1729122976,82.0
1729122976,82.0
1729122976,64.0
1729122976,60.0
1729122977,82.0
1729122977,75.0
1729122977,78.0
1729122977,93.0
1729122977,91.0
1729122977,90.0
1729122977,74.0
1729122977,59.0
1729122977,52.0
1729122977,35.0
1729122977,28.0
1729122977,27.0
1729122977,27.0
1729122977,28.0
1729122977,27.0
1729122977,27.0
1729122977,28.0
1729122977,28.0
1729122977,28.0
1729122977,27.0
1729122978,27.0
1729122978,27.0
1729122978,27.0
1729122978,27.0
1729122978,29.0
1729122978,28.0
1729122978,28.0
1729122978,28.0
1729122978,27.0
1729122978,28.0
1729122978,28.0
1729122978,27.0
1729122978,27.0
1729122978,27.0
1729122978,27.0
1729122978,28.0
1729122978,27.0
1729122978,27.0
1729122978,27.0
1729122978,28.0
1729122979,27.0
1729122979,28.0
1729122979,28.0
1729122979,28.0
1729122979,28.0
1729122979,27.0
1729122979,27.0
1729122979,27.0
1729122979,26.0
1729122979,28.0
1729122979,29.0
1729122979,32.0
1729122979,34.0
1729122979,39.0
1729122979,60.0
1729122979,61.0
1729122979,75.0
1729122979,79.0
1729122979,93.0
1729122979,114.0
1729122980,122.0
1729122980,114.0
1729122980,108.0
1729122980,111.0
1729122980,104.0
1729122980,98.0
1729122980,97.0
1729122980,94.0
1729122980,91.0
1729122980,101.0
1729122980,88.0
1729122980,95.0
1729122980,81.0
1729122980,87.0
1729122980,88.0
1729122980,84.0
1729122980,80.0
1729122980,88.0
1729122980,88.0
1729122980,98.0
1729122981,139.0
1729122981,112.0
1729122981,80.0
1729122981,83.0
1729122981,99.0
1729122981,79.0
1729122981,52.0
1729122981,37.0
1729122981,30.0
1729122981,28.0
1729122981,28.0
1729122981,27.0
1729122981,29.0
1729122981,29.0
1729122981,27.0
1729122981,28.0
1729122981,28.0
1729122981,29.0
1729122981,29.0
1729122981,29.0
1729122982,29.0
1729122982,28.0
1729122982,27.0
1729122982,27.0
1729122982,28.0
1729122982,28.0
1729122982,29.0
1729122982,28.0
1729122982,28.0
1729122982,28.0
1729122982,28.0
1729122982,28.0
1729122982,28.0
1729122982,28.0
1729122982,27.0
1729122982,28.0
1729122982,28.0
1729122982,29.0
1729122982,28.0
1729122982,27.0
1729122983,28.0
1729122983,28.0
1729122983,28.0
1729122983,28.0
1729122983,28.0
1729122983,28.0
1729122983,27.0
1729122983,27.0
1729122983,27.0
1729122983,27.0
1729122983,27.0
1729122983,27.0
1729122983,28.0
1729122983,27.0
1729122983,27.0
1729122983,27.0
1729122983,28.0
1729122983,27.0
1729122983,27.0
1729122983,27.0
1729122984,28.0
1729122984,27.0
1729122984,27.0
1729122984,28.0
1729122984,28.0
1729122984,29.0
1729122984,28.0
1729122984,28.0
1729122984,28.0
1729122984,29.0
1729122984,28.0
1729122984,28.0
1729122984,29.0
1729122984,31.0
1729122984,38.0
1729122984,54.0
1729122984,80.0
1729122984,89.0
1729122984,75.0
1729122984,76.0
1729122985,77.0
1729122985,72.0
1729122985,71.0
1729122985,81.0
1729122985,83.0
1729122985,72.0
1729122985,58.0
1729122985,73.0
1729122985,78.0
1729122985,71.0
1729122985,79.0
1729122985,80.0
1729122985,59.0
1729122985,71.0
1729122985,71.0
1729122985,66.0
1729122985,68.0
1729122985,75.0
1729122985,86.0
1729122985,89.0
1729122986,73.0
1729122986,77.0
1729122986,73.0
1729122986,77.0
1729122986,63.0
1729122986,76.0
1729122986,84.0
1729122986,67.0
1729122986,73.0
1729122986,75.0
1729122986,69.0
1729122986,65.0
1729122986,78.0
1729122986,64.0
1729122986,67.0
1729122986,67.0
1729122986,70.0
1729122986,70.0
1729122986,60.0
1729122987,65.0
1729122987,55.0
1729122987,42.0
1729122987,38.0
1729122987,33.0
1729122987,28.0
1729122987,27.0
1729122987,30.0
1729122987,30.0
1729122987,30.0
1729122987,29.0
1729122987,29.0
1729122987,30.0
1729122987,30.0
1729122987,29.0
1729122987,29.0
1729122987,29.0
1729122987,29.0
1729122987,30.0
1729122987,32.0
1729122988,42.0
1729122988,45.0
1729122988,70.0
1729122988,73.0
1729122988,88.0
1729122988,83.0
1729122988,78.0
1729122988,84.0
1729122988,88.0
1729122988,91.0
1729122988,71.0
1729122988,72.0
1729122988,81.0
1729122988,71.0
1729122988,67.0
1729122988,70.0
1729122988,69.0
1729122988,92.0
1729122988,88.0
1729122988,93.0
1729122989,95.0
1729122989,86.0
1729122989,83.0
1729122989,101.0
1729122989,77.0
1729122989,88.0
1729122989,85.0
1729122989,87.0
1729122989,77.0
1729122989,65.0
1729122989,92.0
1729122989,80.0
1729122989,71.0
1729122989,86.0
1729122989,83.0
1729122989,74.0
1729122989,66.0
1729122989,68.0
1729122989,81.0
1729122989,72.0
1729122990,71.0
1729122990,67.0
1729122990,70.0
1729122990,72.0
1729122990,72.0
1729122990,75.0
1729122990,70.0
1729122990,83.0
1729122990,83.0
1729122990,79.0
1729122990,74.0
1729122990,75.0
1729122990,81.0
1729122990,76.0
1729122990,102.0
1729122990,103.0
1729122990,80.0
1729122990,91.0
1729122990,72.0
1729122990,77.0
1729122991,88.0
1729122991,75.0
1729122991,45.0
1729122991,33.0
1729122991,28.0
1729122991,37.0
1729122991,32.0
1729122991,29.0
1729122991,30.0
1729122991,30.0
1729122991,31.0
1729122991,33.0
1729122991,41.0
1729122991,39.0
1729122991,48.0
1729122991,52.0
1729122991,75.0
1729122991,87.0
1729122991,101.0
1729122991,86.0
1729122992,79.0
1729122992,92.0
1729122992,94.0
1729122992,93.0
1729122992,86.0
1729122992,91.0
1729122992,92.0
1729122992,83.0
1729122992,88.0
1729122992,77.0
1729122992,75.0
1729122992,69.0
1729122992,99.0
1729122992,78.0
1729122992,80.0
1729122992,89.0
1729122992,89.0
1729122992,102.0
1729122992,83.0
1729122992,98.0
1729122993,97.0
1729122993,90.0
1729122993,88.0
1729122993,93.0
1729122993,106.0
1729122993,75.0
1729122993,110.0
1729122993,101.0
1729122993,81.0
1729122993,49.0
1729122993,35.0
1729122993,30.0
1729122993,27.0
1729122993,27.0
1729122993,29.0
1729122993,29.0
1729122993,29.0
1729122993,28.0
1729122993,28.0
1729122993,28.0
1729122994,28.0
1729122994,28.0
1729122994,29.0
1729122994,28.0
1729122994,28.0
1729122994,28.0
1729122994,28.0
1729122994,29.0
1729122994,28.0
1729122994,28.0
1729122994,28.0
1729122994,28.0
1729122994,28.0
1729122994,28.0
1729122994,29.0
1729122994,28.0
1729122994,28.0
1729122994,28.0
1729122994,28.0
1729122994,27.0
1729122995,28.0
1729122995,28.0
1729122995,28.0
1729122995,28.0
1729122995,28.0
1729122995,27.0
1729122995,28.0
1729122995,27.0
1729122995,28.0
1729122995,28.0
1729122995,29.0
1729122995,28.0
1729122995,28.0
1729122995,27.0
1729122995,29.0
1729122995,31.0
1729122995,41.0
1729122995,75.0
1729122995,132.0
1729122995,157.0
1729122996,142.0
1729122996,171.0
1729122996,133.0
1729122996,130.0
1729122996,147.0
1729122996,112.0
1729122996,135.0
1729122996,116.0
1729122996,147.0
1729122996,114.0
1729122996,136.0
1729122996,139.0
1729122996,113.0
1729122996,153.0
1729122996,101.0
1729122996,134.0
1729122996,82.0
1729122996,84.0
1729122996,57.0
1729122996,40.0
1729122997,31.0
1729122997,28.0
1729122997,27.0
1729122997,29.0
1729122997,28.0
1729122997,28.0
1729122997,29.0
1729122997,27.0
1729122997,29.0
1729122997,29.0
1729122997,28.0
1729122997,29.0
1729122997,30.0
1729122997,29.0
1729122997,33.0
1729122997,37.0
1729122997,48.0
1729122997,101.0
1729122997,116.0
1729122998,122.0
1729122998,131.0
1729122998,113.0
1729122998,102.0
1729122998,97.0
1729122998,126.0
1729122998,102.0
1729122998,92.0
1729122998,108.0
1729122998,98.0
1729122998,75.0
1729122998,86.0
1729122998,89.0
1729122998,89.0
1729122998,77.0
1729122998,89.0
1729122998,80.0
1729122998,81.0
1729122998,84.0
1729122998,77.0
1729122999,89.0
1729122999,110.0
1729122999,83.0
1729122999,72.0
1729122999,83.0
1729122999,78.0
1729122999,79.0
1729122999,67.0
1729122999,44.0
1729122999,33.0
1729122999,29.0
1729122999,27.0
1729122999,29.0
1729122999,36.0
1729122999,34.0
1729122999,28.0
1729122999,26.0
1729122999,26.0
1729122999,25.0
1729122999,24.0
1729123000,25.0
1729123000,24.0
1729123000,24.0
1729123000,24.0
1729123000,24.0
1729123000,24.0
1729123000,24.0
1729123000,24.0
1729123000,24.0
1729123000,24.0
1729123000,25.0
1729123000,25.0
1729123000,24.0
1729123000,24.0
1729123000,25.0
1729123000,25.0
1729123000,24.0
1729123000,25.0
1729123000,25.0
1729123000,24.0
1729123001,24.0
1729123001,26.0
1729123001,25.0
1729123001,25.0
1729123001,25.0
1729123001,24.0
1729123001,24.0
1729123001,24.0
1729123001,24.0
1729123001,23.0
1729123001,23.0
1729123001,23.0
1729123001,23.0
1729123001,24.0
1729123001,24.0
1729123001,26.0
1729123001,25.0
1729123001,25.0
1729123001,25.0
1729123001,25.0
1729123002,25.0
1729123002,24.0
1729123002,24.0
1729123002,24.0
1729123002,24.0
1729123002,24.0
1729123002,23.0
1729123002,27.0
1729123002,32.0
1729123002,46.0
1729123002,54.0
1729123002,74.0
1729123002,73.0
1729123002,110.0
1729123002,107.0
1729123002,100.0
1729123002,98.0
1729123002,98.0
1729123002,89.0
1729123002,84.0
1729123003,110.0
1729123003,95.0
1729123003,88.0
1729123003,72.0
1729123003,85.0
1729123003,77.0
1729123003,75.0
1729123003,81.0
1729123003,89.0
1729123003,80.0
1729123003,81.0
1729123003,80.0
1729123003,78.0
1729123003,85.0
1729123003,80.0
1729123003,68.0
1729123003,73.0
1729123003,97.0
1729123003,85.0
1729123003,88.0
1729123004,73.0
1729123004,65.0
1729123004,73.0
1729123004,100.0
1729123004,101.0
1729123004,92.0
1729123004,71.0
1729123004,73.0
1729123004,87.0
1729123004,76.0
1729123004,87.0
1729123004,79.0
1729123004,81.0
1729123004,79.0
1729123004,110.0
1729123004,93.0
1729123004,90.0
1729123004,97.0
1729123004,81.0
1729123004,89.0
1729123005,109.0
1729123005,82.0
1729123005,83.0
1729123005,83.0
1729123005,78.0
1729123005,85.0
1729123005,73.0
1729123005,64.0
1729123005,62.0
1729123005,76.0
1729123005,61.0
1729123005,40.0
1729123005,31.0
1729123005,27.0
1729123005,26.0
1729123005,26.0
1729123005,26.0
1729123005,27.0
1729123005,27.0
1729123005,27.0
1729123006,28.0
1729123006,28.0
1729123006,28.0
1729123006,28.0
1729123006,28.0
1729123006,29.0
1729123006,28.0
1729123006,28.0
1729123006,29.0
1729123006,36.0
1729123006,38.0
1729123006,42.0
1729123006,51.0
1729123006,85.0
1729123006,93.0
1729123006,102.0
1729123006,106.0
1729123006,155.0
1729123006,153.0
1729123006,128.0
1729123007,137.0
1729123007,134.0
1729123007,112.0
1729123007,116.0
1729123007,95.0
1729123007,101.0
1729123007,114.0
1729123007,93.0
1729123007,90.0
1729123007,101.0
1729123007,93.0
1729123007,88.0
1729123007,95.0
1729123007,94.0
1729123007,81.0
1729123007,85.0
1729123007,93.0
1729123007,83.0
1729123007,84.0
1729123007,83.0
1729123008,82.0
1729123008,90.0
1729123008,89.0
1729123008,77.0
1729123008,100.0
1729123008,76.0
1729123008,79.0
1729123008,94.0
1729123008,93.0
1729123008,94.0
1729123008,71.0
1729123008,80.0
1729123008,74.0
1729123008,69.0
1729123008,90.0
1729123008,63.0
1729123008,73.0
1729123008,53.0
1729123008,41.0
1729123009,35.0
1729123009,30.0
1729123009,27.0
1729123009,26.0
1729123009,25.0
1729123009,26.0
1729123009,26.0
1729123009,26.0
1729123009,26.0
1729123009,27.0
1729123009,26.0
1729123009,27.0
1729123009,27.0
1729123009,28.0
1729123009,27.0
1729123009,27.0
1729123009,27.0
1729123009,28.0
1729123009,27.0
1729123009,27.0
1729123010,28.0
1729123010,28.0
1729123010,28.0
1729123010,27.0
1729123010,27.0
1729123010,28.0
1729123010,27.0
1729123010,26.0
1729123010,27.0
1729123010,27.0
1729123010,28.0
1729123010,30.0
1729123010,57.0
1729123010,97.0
1729123010,107.0
1729123010,117.0
1729123010,94.0
1729123010,92.0
1729123010,71.0
1729123010,69.0
1729123011,75.0
1729123011,79.0
1729123011,79.0
1729123011,69.0
1729123011,71.0
1729123011,75.0
1729123011,69.0
1729123011,69.0
1729123011,73.0
1729123011,59.0
1729123011,75.0
1729123011,69.0
1729123011,74.0
1729123011,77.0
1729123011,71.0
1729123011,69.0
1729123011,74.0
1729123011,76.0
1729123011,96.0
1729123011,80.0
1729123012,77.0
1729123012,77.0
1729123012,80.0
1729123012,83.0
1729123012,75.0
1729123012,80.0
1729123012,71.0
1729123012,68.0
1729123012,70.0
1729123012,70.0
1729123012,81.0
1729123012,73.0
1729123012,66.0
1729123012,77.0
1729123012,83.0
1729123012,76.0
1729123012,69.0
1729123012,66.0
1729123012,42.0
1729123012,32.0
1729123013,28.0
1729123013,26.0
1729123013,27.0
1729123013,27.0
1729123013,27.0
1729123013,27.0
1729123013,28.0
1729123013,28.0
1729123013,28.0
1729123013,28.0
1729123013,28.0
1729123013,28.0
1729123013,28.0
1729123013,28.0
1729123013,27.0
1729123013,28.0
1729123013,28.0
1729123013,28.0
1729123013,27.0
1729123013,28.0
1729123014,28.0
1729123014,30.0
1729123014,32.0
1729123014,47.0
1729123014,54.0
1729123014,74.0
1729123014,92.0
1729123014,118.0
1729123014,94.0
1729123014,100.0
1729123014,91.0
1729123014,99.0
1729123014,89.0
1729123014,79.0
1729123014,84.0
1729123014,87.0
1729123014,62.0
1729123014,65.0
1729123014,72.0
1729123014,75.0
1729123015,66.0
1729123015,65.0
1729123015,64.0
1729123015,65.0
1729123015,80.0
1729123015,67.0
1729123015,76.0
1729123015,95.0
1729123015,74.0
1729123015,76.0
1729123015,76.0
1729123015,79.0
1729123015,79.0
1729123015,79.0
1729123015,84.0
1729123015,77.0
1729123015,78.0
1729123015,65.0
1729123015,78.0
1729123015,67.0
1729123016,71.0
1729123016,76.0
1729123016,68.0
1729123016,69.0
1729123016,67.0
1729123016,89.0
1729123016,74.0
1729123016,68.0
1729123016,76.0
1729123016,76.0
1729123016,72.0
1729123016,86.0
1729123016,71.0
1729123016,65.0
1729123016,74.0
1729123016,71.0
1729123016,66.0
1729123016,66.0
1729123016,74.0
1729123016,93.0
1729123017,76.0
1729123017,76.0
1729123017,87.0
1729123017,66.0
1729123017,51.0
1729123017,46.0
1729123017,38.0
1729123017,33.0
1729123017,28.0
1729123017,26.0
1729123017,25.0
1729123017,26.0
1729123017,26.0
1729123017,26.0
1729123017,26.0
1729123017,27.0
1729123017,29.0
1729123017,27.0
1729123017,29.0
1729123017,27.0
1729123018,27.0
1729123018,27.0
1729123018,27.0
1729123018,26.0
1729123018,26.0
1729123018,26.0
1729123018,26.0
1729123018,26.0
1729123018,27.0
1729123018,25.0
1729123018,25.0
1729123018,27.0
1729123018,27.0
1729123018,33.0
1729123018,36.0
1729123018,47.0
1729123018,76.0
1729123018,87.0
1729123018,90.0
1729123018,91.0
1729123019,80.0
1729123019,83.0
1729123019,66.0
1729123019,67.0
1729123019,72.0
1729123019,64.0
1729123019,77.0
1729123019,65.0
1729123019,66.0
1729123019,65.0
1729123019,70.0
1729123019,74.0
1729123019,67.0
1729123019,64.0
1729123019,73.0
1729123019,60.0
1729123019,60.0
1729123019,68.0
1729123019,67.0
1729123019,65.0
1729123020,70.0
1729123020,61.0
1729123020,59.0
1729123020,61.0
1729123020,71.0
1729123020,68.0
1729123020,79.0
1729123020,68.0
1729123020,65.0
1729123020,70.0
1729123020,69.0
1729123020,74.0
1729123020,72.0
1729123020,68.0
1729123020,61.0
1729123020,62.0
1729123020,70.0
1729123020,70.0
1729123020,87.0
1729123021,93.0
1729123021,84.0
1729123021,70.0
1729123021,88.0
1729123021,96.0
1729123021,81.0
1729123021,82.0
1729123021,73.0
1729123021,63.0
1729123021,69.0
1729123021,87.0
1729123021,52.0
1729123021,40.0
1729123021,32.0
1729123021,27.0
1729123021,26.0
1729123021,25.0
1729123021,24.0
1729123021,25.0
1729123021,24.0
1729123022,25.0
1729123022,24.0
1729123022,24.0
1729123022,24.0
1729123022,25.0
1729123022,27.0
1729123022,27.0
1729123022,28.0
1729123022,27.0
1729123022,26.0
1729123022,26.0
1729123022,26.0
1729123022,27.0
1729123022,28.0
1729123022,27.0
1729123022,26.0
1729123022,26.0
1729123022,26.0
1729123022,25.0
1729123022,26.0
1729123023,27.0
1729123023,27.0
1729123023,27.0
1729123023,27.0
1729123023,33.0
1729123023,62.0
1729123023,137.0
1729123023,115.0
1729123023,99.0
1729123023,80.0
1729123023,83.0
1729123023,86.0
1729123023,93.0
1729123023,100.0
1729123023,89.0
1729123023,98.0
1729123023,89.0
1729123023,84.0
1729123023,74.0
1729123023,93.0
1729123024,76.0
1729123024,77.0
1729123024,71.0
1729123024,73.0
1729123024,74.0
1729123024,75.0
1729123024,71.0
1729123024,76.0
1729123024,71.0
1729123024,62.0
1729123024,60.0
1729123024,63.0
1729123024,67.0
1729123024,68.0
1729123024,65.0
1729123024,74.0
1729123024,71.0
1729123024,66.0
1729123024,67.0
1729123024,69.0
1729123025,67.0
1729123025,83.0
1729123025,68.0
1729123025,81.0
1729123025,71.0
1729123025,66.0
1729123025,61.0
1729123025,70.0
1729123025,66.0
1729123025,85.0
1729123025,71.0
1729123025,74.0
1729123025,79.0
1729123025,71.0
1729123025,79.0
1729123025,81.0
1729123025,81.0
1729123025,64.0
1729123025,57.0
1729123025,54.0
1729123026,44.0
1729123026,37.0
1729123026,32.0
1729123026,28.0
1729123026,28.0
1729123026,25.0
1729123026,26.0
1729123026,26.0
1729123026,25.0
1729123026,26.0
1729123026,27.0
1729123026,27.0
1729123026,26.0
1729123026,27.0
1729123026,27.0
1729123026,26.0
1729123026,27.0
1729123026,27.0
1729123026,33.0
1729123026,90.0
1729123027,164.0
1729123027,147.0
1729123027,117.0
1729123027,106.0
1729123027,72.0
1729123027,86.0
1729123027,83.0
1729123027,94.0
1729123027,89.0
1729123027,107.0
1729123027,101.0
1729123027,98.0
1729123027,80.0
1729123027,89.0
1729123027,87.0
1729123027,71.0
1729123027,79.0
1729123027,66.0
1729123027,76.0
1729123027,78.0
1729123028,78.0
1729123028,73.0
1729123028,76.0
1729123028,84.0
1729123028,78.0
1729123028,94.0
1729123028,102.0
1729123028,97.0
1729123028,80.0
1729123028,82.0
1729123028,73.0
1729123028,63.0
1729123028,65.0
1729123028,57.0
1729123028,72.0
1729123028,76.0
1729123028,63.0
1729123028,76.0
1729123028,65.0
1729123028,90.0
1729123029,80.0
1729123029,74.0
1729123029,86.0
1729123029,86.0
1729123029,74.0
1729123029,75.0
1729123029,69.0
1729123029,64.0
1729123029,46.0
1729123029,57.0
1729123029,50.0
1729123029,36.0
1729123029,34.0
1729123029,34.0
1729123029,32.0
1729123029,30.0
1729123029,27.0
1729123029,25.0
1729123029,24.0
1729123029,25.0
1729123030,25.0
1729123030,25.0
1729123030,24.0
1729123030,24.0
1729123030,24.0
1729123030,24.0
1729123030,24.0
1729123030,24.0
1729123030,25.0
1729123030,25.0
1729123030,25.0
1729123030,25.0
1729123030,25.0
1729123030,25.0
1729123030,26.0
1729123030,26.0
1729123030,26.0
1729123030,25.0
1729123030,25.0
1729123030,25.0
1729123031,26.0
1729123031,27.0
1729123031,26.0
1729123031,27.0
1729123031,28.0
1729123031,27.0
1729123031,27.0
1729123031,26.0
1729123031,26.0
1729123031,28.0
1729123031,27.0
1729123031,27.0
1729123031,26.0
1729123031,28.0
1729123031,27.0
1729123031,27.0
1729123031,39.0
1729123031,93.0
1729123031,114.0
1729123032,107.0
1729123032,83.0
1729123032,85.0
1729123032,79.0
1729123032,106.0
1729123032,91.0
1729123032,100.0
1729123032,114.0
1729123032,106.0
1729123032,93.0
1729123032,95.0
1729123032,88.0
1729123032,77.0
1729123032,92.0
1729123032,70.0
1729123032,80.0
1729123032,74.0
1729123032,81.0
1729123032,69.0
1729123032,55.0
1729123033,47.0
1729123033,39.0
1729123033,34.0
1729123033,29.0
1729123033,28.0
1729123033,27.0
1729123033,26.0
1729123033,27.0
1729123033,27.0
1729123033,27.0
1729123033,27.0
1729123033,27.0
1729123033,25.0
1729123033,25.0
1729123033,26.0
1729123033,26.0
1729123033,27.0
1729123033,29.0
1729123033,29.0
1729123033,27.0
1729123034,27.0
1729123034,27.0
1729123034,25.0
1729123034,27.0
1729123034,27.0
1729123034,27.0
1729123034,26.0
1729123034,27.0
1729123034,26.0
1729123034,26.0
1729123034,26.0
1729123034,28.0
1729123034,27.0
1729123034,26.0
1729123034,27.0
1729123034,26.0
1729123034,27.0
1729123034,26.0
1729123034,26.0
1729123034,25.0
1729123035,27.0
1729123035,27.0
1729123035,27.0
1729123035,28.0
1729123035,27.0
1729123035,27.0
1729123035,28.0
1729123035,28.0
1729123035,28.0
1729123035,28.0
1729123035,28.0
1729123035,29.0
1729123035,30.0
1729123035,33.0
1729123035,33.0
1729123035,31.0
1729123035,32.0
1729123035,30.0
1729123035,30.0
1729123035,34.0
1729123036,35.0
1729123036,48.0
1729123036,68.0
1729123036,72.0
1729123036,77.0
1729123036,71.0
1729123036,79.0
1729123036,97.0
1729123036,71.0
1729123036,81.0
1729123036,85.0
1729123036,73.0
1729123036,86.0
1729123036,83.0
1729123036,75.0
1729123036,79.0
1729123036,84.0
1729123036,74.0
1729123036,63.0
1729123036,60.0
1729123037,67.0
1729123037,63.0
1729123037,77.0
1729123037,66.0
1729123037,70.0
1729123037,83.0
1729123037,83.0
1729123037,68.0
1729123037,67.0
1729123037,72.0
1729123037,78.0
1729123037,62.0
1729123037,71.0
1729123037,64.0
1729123037,58.0
1729123037,81.0
1729123037,70.0
1729123037,76.0
1729123037,74.0
1729123037,87.0
1729123038,65.0
1729123038,64.0
1729123038,69.0
1729123038,71.0
1729123038,69.0
1729123038,56.0
1729123038,41.0
1729123038,36.0
1729123038,33.0
1729123038,30.0
1729123038,26.0
1729123038,26.0
1729123038,27.0
1729123038,27.0
1729123038,27.0
1729123038,27.0
1729123038,28.0
1729123038,28.0
1729123038,28.0
1729123038,27.0
1729123039,27.0
1729123039,28.0
1729123039,27.0
1729123039,25.0
1729123039,26.0
1729123039,27.0
1729123039,28.0
1729123039,27.0
1729123039,27.0
1729123039,27.0
1729123039,27.0
1729123039,27.0
1729123039,27.0
1729123039,28.0
1729123039,28.0
1729123039,28.0
1729123039,28.0
1729123039,28.0
1729123039,28.0
1729123039,28.0
1729123040,28.0
1729123040,28.0
1729123040,28.0
1729123040,28.0
1729123040,28.0
1729123040,27.0
1729123040,28.0
1729123040,28.0
1729123040,28.0
1729123040,28.0
1729123040,28.0
1729123040,28.0
1729123040,28.0
1729123040,28.0
1729123040,28.0
1729123040,27.0
1729123040,27.0
1729123040,29.0
1729123040,30.0
1729123040,34.0
1729123041,66.0
1729123041,88.0
1729123041,104.0
1729123041,102.0
1729123041,75.0
1729123041,83.0
1729123041,97.0
1729123041,107.0
1729123041,107.0
1729123041,88.0
1729123041,101.0
1729123041,76.0
1729123041,74.0
1729123041,77.0
1729123041,75.0
1729123041,67.0
1729123041,83.0
1729123041,110.0
1729123041,79.0
1729123041,81.0
1729123042,65.0
1729123042,55.0
1729123042,52.0
1729123042,40.0
1729123042,31.0
1729123042,28.0
1729123042,30.0
1729123042,30.0
1729123042,30.0
1729123042,28.0
1729123042,27.0
1729123042,27.0
1729123042,27.0
1729123042,28.0
1729123042,27.0
1729123042,28.0
1729123042,27.0
1729123042,27.0
1729123042,26.0
1729123042,25.0
1729123043,25.0
1729123043,26.0
1729123043,26.0
1729123043,27.0
1729123043,27.0
1729123043,27.0
1729123043,27.0
1729123043,26.0
1729123043,27.0
1729123043,26.0
1729123043,26.0
1729123043,26.0
1729123043,26.0
1729123043,26.0
1729123043,27.0
1729123043,31.0
1729123043,35.0
1729123043,38.0
1729123043,52.0
1729123044,70.0
1729123044,88.0
1729123044,105.0
1729123044,88.0
1729123044,92.0
1729123044,99.0
1729123044,97.0
1729123044,89.0
1729123044,86.0
1729123044,99.0
1729123044,87.0
1729123044,83.0
1729123044,80.0
1729123044,80.0
1729123044,68.0
1729123044,64.0
1729123044,71.0
1729123044,75.0
1729123044,87.0
1729123044,75.0
1729123045,66.0
1729123045,69.0
1729123045,73.0
1729123045,60.0
1729123045,60.0
1729123045,73.0
1729123045,72.0
1729123045,84.0
1729123045,94.0
1729123045,77.0
1729123045,66.0
1729123045,70.0
1729123045,74.0
1729123045,66.0
1729123045,68.0
1729123045,77.0
1729123045,76.0
1729123045,65.0
1729123045,67.0
1729123045,63.0
1729123046,74.0
1729123046,99.0
1729123046,91.0
1729123046,73.0
1729123046,78.0
1729123046,83.0
1729123046,69.0
1729123046,69.0
1729123046,76.0
1729123046,71.0
1729123046,78.0
1729123046,75.0
1729123046,84.0
1729123046,81.0
1729123046,87.0
1729123046,75.0
1729123046,66.0
1729123046,64.0
1729123046,45.0
1729123046,38.0
1729123047,42.0
1729123047,41.0
1729123047,35.0
1729123047,31.0
1729123047,27.0
1729123047,26.0
1729123047,25.0
1729123047,24.0
1729123047,25.0
1729123047,26.0
1729123047,27.0
1729123047,26.0
1729123047,26.0
1729123047,27.0
1729123047,27.0
1729123047,27.0
1729123047,28.0
1729123047,28.0
1729123047,28.0
1729123047,28.0
1729123048,27.0
1729123048,27.0
1729123048,28.0
1729123048,27.0
1729123048,27.0
1729123048,28.0
1729123048,27.0
1729123048,28.0
1729123048,27.0
1729123048,28.0
1729123048,28.0
1729123048,27.0
1729123048,27.0
1729123048,27.0
1729123048,27.0
1729123048,27.0
1729123048,27.0
1729123048,27.0
1729123048,27.0
1729123048,27.0
1729123049,26.0
1729123049,27.0
1729123049,27.0
1729123049,27.0
1729123049,27.0
1729123049,30.0
1729123049,29.0
1729123049,29.0
1729123049,30.0
1729123049,29.0
1729123049,37.0
1729123049,33.0
1729123049,47.0
1729123049,63.0
1729123049,69.0
1729123049,63.0
1729123049,71.0
1729123049,101.0
1729123049,89.0
1729123049,77.0
1729123050,92.0
1729123050,87.0
1729123050,78.0
1729123050,71.0
1729123050,67.0
1729123050,64.0
1729123050,79.0
1729123050,90.0
1729123050,85.0
1729123050,83.0
1729123050,64.0
1729123050,77.0
1729123050,77.0
1729123050,77.0
1729123050,73.0
1729123050,97.0
1729123050,83.0
1729123050,110.0
1729123050,77.0
1729123050,87.0
1729123051,88.0
1729123051,94.0
1729123051,97.0
1729123051,98.0
1729123051,125.0
1729123051,101.0
1729123051,120.0
1729123051,88.0
1729123051,85.0
1729123051,92.0
1729123051,85.0
1729123051,79.0
1729123051,66.0
1729123051,74.0
1729123051,82.0
1729123051,87.0
1729123051,79.0
1729123051,68.0
1729123051,81.0
1729123051,71.0
1729123052,71.0
1729123052,87.0
1729123052,70.0
1729123052,90.0
1729123052,71.0
1729123052,56.0
1729123052,73.0
1729123052,90.0
1729123052,79.0
1729123052,76.0
1729123052,85.0
1729123052,80.0
1729123052,86.0
1729123052,81.0
1729123052,82.0
1729123052,77.0
1729123052,78.0
1729123052,76.0
1729123052,73.0
1729123052,74.0
1729123053,82.0
1729123053,85.0
1729123053,71.0
1729123053,62.0
1729123053,71.0
1729123053,65.0
1729123053,73.0
1729123053,77.0
1729123053,63.0
1729123053,68.0
1729123053,78.0
1729123053,69.0
1729123053,62.0
1729123053,66.0
1729123053,60.0
1729123053,66.0
1729123053,74.0
1729123053,78.0
1729123053,84.0
1729123053,66.0
1729123054,55.0
1729123054,57.0
1729123054,60.0
1729123054,68.0
1729123054,66.0
1729123054,67.0
1729123054,58.0
1729123054,61.0
1729123054,56.0
1729123054,53.0
1729123054,63.0
1729123054,55.0
1729123054,53.0
1729123054,60.0
1729123054,50.0
1729123054,64.0
1729123054,75.0
1729123054,59.0
1729123054,69.0
1729123055,77.0
1729123055,59.0
1729123055,64.0
1729123055,71.0
1729123055,74.0
1729123055,84.0
1729123055,81.0
1729123055,81.0
1729123055,92.0
1729123055,61.0
1729123055,70.0
1729123055,66.0
1729123055,78.0
1729123055,67.0
1729123055,72.0
1729123055,65.0
1729123055,76.0
1729123055,68.0
1729123055,65.0
1729123055,58.0
1729123056,62.0
1729123056,64.0
1729123056,70.0
1729123056,61.0
1729123056,77.0
1729123056,72.0
1729123056,56.0
1729123056,58.0
1729123056,61.0
1729123056,61.0
1729123056,59.0
1729123056,65.0
1729123056,58.0
1729123056,56.0
1729123056,78.0
1729123056,63.0
1729123056,67.0
1729123056,63.0
1729123056,72.0
1729123056,78.0
1729123057,65.0
1729123057,84.0
1729123057,69.0
1729123057,62.0
1729123057,78.0
1729123057,70.0
1729123057,63.0
1729123057,66.0
1729123057,69.0
1729123057,61.0
1729123057,58.0
1729123057,66.0
1729123057,52.0
1729123057,69.0
1729123057,72.0
1729123057,75.0
1729123057,71.0
1729123057,70.0
1729123057,62.0
1729123057,67.0
1729123058,66.0
1729123058,67.0
1729123058,70.0
1729123058,62.0
1729123058,78.0
1729123058,85.0
1729123058,66.0
1729123058,72.0
1729123058,67.0
1729123058,65.0
1729123058,76.0
1729123058,79.0
1729123058,65.0
1729123058,82.0
1729123058,74.0
1729123058,67.0
1729123058,73.0
1729123058,67.0
1729123058,64.0
1729123058,82.0
1729123059,83.0
1729123059,76.0
1729123059,68.0
1729123059,71.0
1729123059,78.0
1729123059,82.0
1729123059,89.0
1729123059,84.0
1729123059,68.0
1729123059,66.0
1729123059,68.0
1729123059,87.0
1729123059,73.0
1729123059,87.0
1729123059,79.0
1729123059,74.0
1729123059,88.0
1729123059,78.0
1729123059,75.0
1729123059,77.0
1729123060,75.0
1729123060,61.0
1729123060,72.0
1729123060,91.0
1729123060,79.0
1729123060,82.0
1729123060,80.0
1729123060,74.0
1729123060,78.0
1729123060,77.0
1729123060,68.0
1729123060,75.0
1729123060,107.0
1729123060,94.0
1729123060,82.0
1729123060,72.0
1729123060,71.0
1729123060,80.0
1729123060,61.0
1729123060,80.0
1729123061,77.0
1729123061,66.0
1729123061,85.0
1729123061,74.0
1729123061,83.0
1729123061,67.0
1729123061,64.0
1729123061,78.0
1729123061,71.0
1729123061,68.0
1729123061,95.0
1729123061,83.0
1729123061,82.0
1729123061,85.0
1729123061,69.0
1729123061,63.0
1729123061,68.0
1729123061,60.0
1729123061,70.0
1729123061,69.0
1729123062,79.0
1729123062,98.0
1729123062,99.0
1729123062,67.0
1729123062,69.0
1729123062,74.0
1729123062,73.0
1729123062,75.0
1729123062,70.0
1729123062,84.0
1729123062,78.0
1729123062,71.0
1729123062,91.0
1729123062,78.0
1729123062,75.0
1729123062,94.0
1729123062,99.0
1729123062,82.0
1729123062,87.0
1729123062,98.0
1729123063,67.0
1729123063,60.0
1729123063,80.0
1729123063,78.0
1729123063,70.0
1729123063,64.0
1729123063,72.0
1729123063,73.0
1729123063,76.0
1729123063,78.0
1729123063,64.0
1729123063,80.0
1729123063,94.0
1729123063,88.0
1729123063,84.0
1729123063,90.0
1729123063,103.0
1729123063,63.0
1729123063,82.0
1729123063,55.0
1729123064,44.0
1729123064,47.0
1729123064,52.0
1729123064,59.0
1729123064,40.0
1729123064,33.0
1729123064,30.0
1729123064,27.0
1729123064,29.0
1729123064,28.0
1729123064,28.0
1729123064,28.0
1729123064,29.0
1729123064,28.0
1729123064,28.0
1729123064,28.0
1729123064,27.0
1729123064,27.0
1729123064,27.0
1729123064,27.0
1729123065,27.0
1729123065,27.0
1729123065,28.0
1729123065,28.0
1729123065,27.0
1729123065,27.0
1729123065,27.0
1729123065,27.0
1729123065,27.0
1729123065,26.0
1729123065,26.0
1729123065,27.0
1729123065,26.0
1729123065,27.0
1729123065,25.0
1729123065,26.0
1729123065,26.0
1729123065,25.0
1729123065,24.0
1729123065,24.0
1729123066,24.0
1729123066,25.0
1729123066,31.0
1729123066,31.0
1729123066,54.0
1729123066,60.0
1729123066,68.0
1729123066,142.0
1729123066,128.0
1729123066,121.0
1729123066,115.0
1729123066,89.0
1729123066,102.0
1729123066,98.0
1729123066,109.0
1729123066,147.0
1729123066,106.0
1729123066,114.0
1729123066,109.0
1729123067,112.0
1729123067,96.0
1729123067,116.0
1729123067,137.0
1729123067,119.0
1729123067,107.0
1729123067,99.0
1729123067,96.0
1729123067,89.0
1729123067,96.0
1729123067,90.0
1729123067,93.0
1729123067,102.0
1729123067,103.0
1729123067,100.0
1729123067,93.0
1729123067,95.0
1729123067,117.0
1729123067,100.0
1729123067,96.0
1729123068,116.0
1729123068,103.0
1729123068,110.0
1729123068,68.0
1729123068,92.0
1729123068,51.0
1729123068,54.0
1729123068,37.0
1729123068,31.0
1729123068,30.0
1729123068,29.0
1729123068,27.0
1729123068,26.0
1729123068,25.0
1729123068,25.0
1729123068,24.0
1729123068,23.0
1729123068,24.0
1729123068,25.0
1729123068,25.0
1729123069,25.0
1729123069,25.0
1729123069,25.0
1729123069,27.0
1729123069,27.0
1729123069,26.0
1729123069,29.0
1729123069,29.0
1729123069,28.0
1729123069,27.0
1729123069,25.0
1729123069,25.0
1729123069,24.0
1729123069,23.0
1729123069,25.0
1729123069,25.0
1729123069,26.0
1729123069,25.0
1729123069,25.0
1729123069,25.0
1729123070,25.0
1729123070,29.0
1729123070,28.0
1729123070,35.0
1729123070,38.0
1729123070,58.0
1729123070,86.0
1729123070,89.0
1729123070,132.0
1729123070,103.0
1729123070,97.0
1729123070,84.0
1729123070,96.0
1729123070,92.0
1729123070,111.0
1729123070,98.0
1729123070,92.0
1729123070,81.0
1729123070,101.0
1729123070,93.0
1729123071,97.0
1729123071,84.0
1729123071,102.0
1729123071,91.0
1729123071,94.0
1729123071,86.0
1729123071,89.0
1729123071,99.0
1729123071,81.0
1729123071,84.0
1729123071,84.0
1729123071,73.0
1729123071,130.0
1729123071,93.0
1729123071,96.0
1729123071,130.0
1729123071,135.0
1729123071,108.0
1729123071,106.0
1729123071,100.0
1729123072,93.0
1729123072,129.0
1729123072,114.0
1729123072,103.0
1729123072,103.0
1729123072,79.0
1729123072,82.0
1729123072,98.0
1729123072,94.0
1729123072,82.0
1729123072,97.0
1729123072,82.0
1729123072,76.0
1729123072,106.0
1729123072,92.0
1729123072,81.0
1729123072,83.0
1729123072,89.0
1729123072,84.0
1729123072,80.0
1729123073,118.0
1729123073,104.0
1729123073,104.0
1729123073,118.0
1729123073,109.0
1729123073,95.0
1729123073,77.0
1729123073,42.0
1729123073,49.0
1729123073,42.0
1729123073,39.0
1729123073,41.0
1729123073,40.0
1729123073,33.0
1729123073,29.0
1729123073,28.0
1729123073,28.0
1729123073,28.0
1729123073,27.0
1729123073,28.0
1729123074,27.0
1729123074,27.0
1729123074,35.0
1729123074,28.0
1729123074,26.0
1729123074,27.0
1729123074,27.0
1729123074,28.0
1729123074,27.0
1729123074,28.0
1729123074,27.0
1729123074,27.0
1729123074,28.0
1729123074,29.0
1729123074,28.0
1729123074,28.0
1729123074,27.0
1729123074,27.0
1729123074,27.0
1729123074,28.0
1729123075,28.0
1729123075,27.0
1729123075,28.0
1729123075,27.0
1729123075,27.0
1729123075,27.0
1729123075,27.0
1729123075,27.0
1729123075,27.0
1729123075,27.0
1729123075,26.0
1729123075,27.0
1729123075,26.0
1729123075,27.0
1729123075,27.0
1729123075,27.0
1729123075,27.0
1729123075,26.0
1729123075,26.0
1729123075,26.0
1729123076,27.0
1729123076,27.0
1729123076,27.0
1729123076,29.0
1729123076,31.0
1729123076,39.0
1729123076,39.0
1729123076,98.0
1729123076,98.0
1729123076,138.0
1729123076,105.0
1729123076,86.0
1729123076,76.0
1729123076,82.0
1729123076,92.0
1729123076,113.0
1729123076,114.0
1729123076,111.0
1729123076,125.0
1729123077,116.0
1729123077,104.0
1729123077,119.0
1729123077,118.0
1729123077,101.0
1729123077,110.0
1729123077,114.0
1729123077,100.0
1729123077,96.0
1729123077,92.0
1729123077,83.0
1729123077,109.0
1729123077,109.0
1729123077,85.0
1729123077,90.0
1729123077,93.0
1729123077,77.0
1729123077,93.0
1729123077,116.0
1729123077,86.0
1729123078,92.0
1729123078,90.0
1729123078,100.0
1729123078,104.0
1729123078,95.0
1729123078,83.0
1729123078,115.0
1729123078,123.0
1729123078,76.0
1729123078,75.0
1729123078,90.0
1729123078,70.0
1729123078,62.0
1729123078,79.0
1729123078,65.0
1729123078,66.0
1729123078,42.0
1729123078,34.0
1729123078,31.0
1729123078,47.0
1729123079,35.0
1729123079,30.0
1729123079,27.0
1729123079,27.0
1729123079,27.0
1729123079,27.0
1729123079,28.0
1729123079,29.0
1729123079,28.0
1729123079,28.0
1729123079,28.0
1729123079,28.0
1729123079,28.0
1729123079,28.0
1729123079,28.0
1729123079,29.0
1729123079,28.0
1729123079,28.0
1729123079,28.0
1729123079,28.0
1729123080,27.0
1729123080,27.0
1729123080,28.0
1729123080,27.0
1729123080,28.0
1729123080,27.0
1729123080,26.0
1729123080,27.0
1729123080,26.0
1729123080,26.0
1729123080,27.0
1729123080,28.0
1729123080,28.0
1729123080,27.0
1729123080,26.0
1729123080,26.0
1729123080,27.0
1729123080,27.0
1729123080,27.0
1729123080,28.0
1729123081,26.0
1729123081,27.0
1729123081,27.0
1729123081,28.0
1729123081,28.0
1729123081,28.0
1729123081,28.0
1729123081,28.0
1729123081,27.0
1729123081,27.0
1729123081,27.0
1729123081,27.0
1729123081,28.0
1729123081,27.0
1729123081,27.0
1729123081,27.0
1729123081,27.0
1729123081,27.0
1729123081,27.0
1729123081,27.0
1729123082,28.0
1729123082,28.0
1729123082,28.0
1729123082,28.0
1729123082,29.0
1729123082,29.0
1729123082,27.0
1729123082,28.0
1729123082,28.0
1729123082,28.0
1729123082,28.0
1729123082,28.0
1729123082,28.0
1729123082,27.0
1729123082,28.0
1729123082,27.0
1729123082,27.0
1729123082,27.0
1729123082,27.0
1729123082,27.0
1729123083,27.0
1729123083,27.0
1729123083,27.0
1729123083,27.0
1729123083,27.0
1729123083,27.0
1729123083,27.0
1729123083,27.0
1729123083,27.0
1729123083,27.0
1729123083,28.0
1729123083,27.0
1729123083,28.0
1729123083,28.0
1729123083,27.0
1729123083,29.0
1729123083,28.0
1729123083,28.0
1729123083,28.0
1729123083,29.0
1729123084,27.0
1729123084,27.0
1729123084,27.0
1729123084,29.0
1729123084,48.0
1729123084,57.0
1729123084,48.0
1729123084,42.0
1729123084,34.0
1729123084,30.0
1729123084,33.0
1729123084,43.0
1729123084,117.0
1729123084,97.0
1729123084,52.0
1729123084,37.0
1729123084,32.0
1729123084,40.0
1729123084,31.0
1729123084,31.0
1729123085,28.0
1729123085,27.0
1729123085,26.0
1729123085,27.0
1729123085,27.0
1729123085,26.0
1729123085,28.0
1729123085,27.0
1729123085,26.0
1729123085,26.0
1729123085,28.0
1729123085,27.0
1729123085,27.0
1729123085,28.0
1729123085,26.0
1729123085,27.0
1729123085,27.0
1729123085,27.0
1729123085,26.0
1729123085,27.0
1729123086,27.0
1729123086,27.0
1729123086,28.0
1729123086,28.0
1729123086,28.0
1729123086,28.0
1729123086,29.0
1729123086,28.0
1729123086,27.0
1729123086,28.0
1729123086,29.0
1729123086,27.0
1729123086,27.0
1729123086,27.0
1729123086,27.0
1729123086,27.0
1729123086,28.0
1729123086,28.0
1729123086,28.0
1729123086,27.0
1729123087,26.0
1729123087,27.0
1729123087,27.0
1729123087,27.0
1729123087,25.0
1729123087,27.0
1729123087,27.0
1729123087,27.0
1729123087,28.0
1729123087,26.0
1729123087,26.0
1729123087,28.0
1729123087,28.0
1729123087,27.0
1729123087,26.0
1729123087,26.0
1729123087,28.0
1729123087,28.0
1729123087,27.0
1729123087,26.0
1729123088,26.0
1729123088,25.0
1729123088,26.0
1729123088,26.0
1729123088,27.0
1729123088,27.0
1729123088,26.0
1729123088,27.0
1729123088,26.0
1729123088,26.0
1729123088,26.0
1729123088,26.0
1729123088,27.0
1729123088,26.0
1729123088,26.0
1729123088,26.0
1729123088,26.0
1729123088,26.0
1729123088,27.0
1729123089,27.0
1729123089,27.0
1729123089,27.0
1729123089,27.0
1729123089,27.0
1729123089,27.0
1729123089,27.0
1729123089,26.0
1729123089,27.0
1729123089,27.0
1729123089,26.0
1729123089,27.0
1729123089,26.0
1729123089,26.0
1729123089,26.0
1729123089,26.0
1729123089,26.0
1729123089,26.0
1729123089,26.0
1729123089,27.0
1729123090,27.0
1729123090,27.0
1729123090,27.0
1729123090,26.0
1729123090,26.0
1729123090,27.0
1729123090,27.0
1729123090,26.0
1729123090,26.0
1729123090,26.0
1729123090,26.0
1729123090,27.0
1729123090,27.0
1729123090,26.0
1729123090,26.0
1729123090,27.0
1729123090,27.0
1729123090,26.0
1729123090,26.0
1729123090,27.0
1729123091,26.0
1729123091,27.0
1729123091,26.0
1729123091,27.0
1729123091,27.0
1729123091,26.0
1729123091,26.0
1729123091,26.0
1729123091,27.0
1729123091,26.0
1729123091,27.0
1729123091,27.0
1729123091,27.0
1729123091,26.0
1729123091,26.0
1729123091,27.0
1729123091,26.0
1729123091,26.0
1729123091,27.0
1729123091,27.0
1729123092,26.0
1729123092,26.0
1729123092,26.0
1729123092,27.0
1729123092,26.0
1729123092,27.0
1729123092,26.0
1729123092,26.0
1729123092,27.0
1729123092,26.0
1729123092,27.0
1729123092,27.0
1729123092,26.0
1729123092,26.0
1729123092,27.0
1729123092,27.0
1729123092,26.0
1729123092,27.0
1729123092,27.0
1729123092,27.0
1729123093,27.0
1729123093,27.0
1729123093,27.0
1729123093,26.0
1729123093,26.0
1729123093,26.0
1729123093,26.0
1729123093,27.0
1729123093,27.0
1729123093,27.0
1729123093,27.0
1729123093,27.0
1729123093,27.0
1729123093,27.0
1729123093,26.0
1729123093,27.0
1729123093,26.0
1729123093,27.0
1729123093,26.0
1729123093,26.0
1729123094,27.0
1729123094,27.0
1729123094,27.0
1729123094,26.0
1729123094,26.0
1729123094,26.0
1729123094,26.0
1729123094,27.0
1729123094,26.0
1729123094,26.0
1729123094,26.0
1729123094,26.0
1729123094,26.0
1729123094,27.0
1729123094,27.0
1729123094,26.0
1729123094,27.0
1729123094,27.0
1729123094,27.0
1729123094,26.0
1729123095,26.0
1729123095,26.0
1729123095,26.0
1729123095,26.0
1729123095,27.0
1729123095,27.0
1729123095,27.0
1729123095,28.0
1729123095,28.0
1729123095,29.0
1729123095,30.0
1729123095,31.0
1729123095,32.0
1729123095,31.0
1729123095,28.0
1729123095,28.0
1729123095,27.0
1729123095,27.0
1729123095,26.0
1729123095,26.0
1729123096,27.0
1729123096,27.0
1729123096,26.0
1729123096,27.0
